country,year,indicator,value_percent,status
ARG,2024,TX.VAL.MMTL.ZS.UN,0.170904833823205,value
ARG,2024,TX.VAL.MANF.ZS.UN,13.3385762659227,value
ATG,2024,TX.VAL.MMTL.ZS.UN,0.482961925425427,value
ATG,2024,TX.VAL.MANF.ZS.UN,14.8136733322156,value
BHS,2024,TX.VAL.MMTL.ZS.UN,16.0508789788562,value
BHS,2024,TX.VAL.MANF.ZS.UN,31.1504127093612,value
BLZ,2024,TX.VAL.MMTL.ZS.UN,0.435202560735789,value
BLZ,2024,TX.VAL.MANF.ZS.UN,2.95919568096454,value
BOL,2024,TX.VAL.MMTL.ZS.UN,43.5898503549869,value
BOL,2024,TX.VAL.MANF.ZS.UN,6.52154085314657,value
BRA,2024,TX.VAL.MMTL.ZS.UN,12.6428158614818,value
BRA,2024,TX.VAL.MANF.ZS.UN,23.2192423581155,value
BRB,2024,TX.VAL.MMTL.ZS.UN,7.62916158715904,value
BRB,2024,TX.VAL.MANF.ZS.UN,39.9334639863259,value
CHL,2024,TX.VAL.MMTL.ZS.UN,56.1402892229553,value
CHL,2024,TX.VAL.MANF.ZS.UN,13.0641862244463,value
COL,2024,TX.VAL.MMTL.ZS.UN,1.83962796660093,value
COL,2024,TX.VAL.MANF.ZS.UN,21.3773495922767,value
CRI,2024,TX.VAL.MMTL.ZS.UN,1.39829772346223,value
CRI,2024,TX.VAL.MANF.ZS.UN,64.8602779613311,value
CUB,2024,TX.VAL.MMTL.ZS.UN,,missing
CUB,2024,TX.VAL.MANF.ZS.UN,,missing
DMA,2024,TX.VAL.MMTL.ZS.UN,,missing
DMA,2024,TX.VAL.MANF.ZS.UN,,missing
DOM,2024,TX.VAL.MMTL.ZS.UN,3.28093047847441,value
DOM,2024,TX.VAL.MANF.ZS.UN,58.15363861978,value
ECU,2024,TX.VAL.MMTL.ZS.UN,6.88594032491159,value
ECU,2024,TX.VAL.MANF.ZS.UN,4.89030157469331,value
FLK,2024,TX.VAL.MMTL.ZS.UN,,notCovered
FLK,2024,TX.VAL.MANF.ZS.UN,,notCovered
GRD,2024,TX.VAL.MMTL.ZS.UN,1.48030890168803,value
GRD,2024,TX.VAL.MANF.ZS.UN,28.5605897976002,value
GTM,2024,TX.VAL.MMTL.ZS.UN,0.800281678243913,value
GTM,2024,TX.VAL.MANF.ZS.UN,45.8962980633734,value
GUY,2024,TX.VAL.MMTL.ZS.UN,0.694800191106439,value
GUY,2024,TX.VAL.MANF.ZS.UN,0.504973100033652,value
HND,2024,TX.VAL.MMTL.ZS.UN,3.18629943072344,value
HND,2024,TX.VAL.MANF.ZS.UN,39.0613491532702,value
HTI,2024,TX.VAL.MMTL.ZS.UN,,missing
HTI,2024,TX.VAL.MANF.ZS.UN,,missing
JAM,2024,TX.VAL.MMTL.ZS.UN,,missing
JAM,2024,TX.VAL.MANF.ZS.UN,,missing
KNA,2024,TX.VAL.MMTL.ZS.UN,,missing
KNA,2024,TX.VAL.MANF.ZS.UN,,missing
LCA,2024,TX.VAL.MMTL.ZS.UN,,missing
LCA,2024,TX.VAL.MANF.ZS.UN,,missing
NIC,2024,TX.VAL.MMTL.ZS.UN,1.12278358190894,value
NIC,2024,TX.VAL.MANF.ZS.UN,36.9711684565089,value
PAN,2024,TX.VAL.MMTL.ZS.UN,9.59331459466598,value
PAN,2024,TX.VAL.MANF.ZS.UN,10.9309355998486,value
PER,2024,TX.VAL.MMTL.ZS.UN,47.7744538607891,value
PER,2024,TX.VAL.MANF.ZS.UN,7.41282618696859,value
PRI,2024,TX.VAL.MMTL.ZS.UN,,missing
PRI,2024,TX.VAL.MANF.ZS.UN,,missing
PRY,2024,TX.VAL.MMTL.ZS.UN,1.49687210638199,value
PRY,2024,TX.VAL.MANF.ZS.UN,16.1949609473441,value
SLV,2024,TX.VAL.MMTL.ZS.UN,1.27838950619101,value
SLV,2024,TX.VAL.MANF.ZS.UN,70.0059873824203,value
SUR,2024,TX.VAL.MMTL.ZS.UN,3.9843319988084,value
SUR,2024,TX.VAL.MANF.ZS.UN,9.0820866551408,value
TTO,2024,TX.VAL.MMTL.ZS.UN,0.773937569548522,value
TTO,2024,TX.VAL.MANF.ZS.UN,59.0890627788272,value
URY,2024,TX.VAL.MMTL.ZS.UN,0.331132184653809,value
URY,2024,TX.VAL.MANF.ZS.UN,18.8855365781654,value
VCT,2024,TX.VAL.MMTL.ZS.UN,,missing
VCT,2024,TX.VAL.MANF.ZS.UN,,missing
VEN,2024,TX.VAL.MMTL.ZS.UN,,missing
VEN,2024,TX.VAL.MANF.ZS.UN,,missing
