ENTIDAD,NOM_ENT,MUN,LOC,POBTOT,POBFEM,POBMAS
00,Total nacional,000,0000,126014024,64540634,61473390
01,Aguascalientes,000,0000,1425607,728924,696683
02,Baja California,000,0000,3769020,1868431,1900589
03,Baja California Sur,000,0000,798447,392568,405879
04,Campeche,000,0000,928363,471424,456939
05,Coahuila de Zaragoza,000,0000,3146771,1583102,1563669
06,Colima,000,0000,731391,370769,360622
07,Chiapas,000,0000,5543828,2837881,2705947
08,Chihuahua,000,0000,3741869,1888047,1853822
09,Ciudad de México,000,0000,9209944,4805017,4404927
10,Durango,000,0000,1832650,927784,904866
11,Guanajuato,000,0000,6166934,3170480,2996454
12,Guerrero,000,0000,3540685,1840073,1700612
13,Hidalgo,000,0000,3082841,1601462,1481379
14,Jalisco,000,0000,8348151,4249696,4098455
15,México,000,0000,16992418,8741123,8251295
16,Michoacán de Ocampo,000,0000,4748846,2442505,2306341
17,Morelos,000,0000,1971520,1020673,950847
18,Nayarit,000,0000,1235456,623178,612278
19,Nuevo León,000,0000,5784442,2893492,2890950
20,Oaxaca,000,0000,4132148,2157305,1974843
21,Puebla,000,0000,6583278,3423163,3160115
22,Querétaro,000,0000,2368467,1211647,1156820
23,Quintana Roo,000,0000,1857985,921206,936779
24,San Luis Potosí,000,0000,2822255,1449804,1372451
25,Sinaloa,000,0000,3026943,1532128,1494815
26,Sonora,000,0000,2944840,1472643,1472197
27,Tabasco,000,0000,2402598,1228927,1173671
28,Tamaulipas,000,0000,3527735,1791595,1736140
29,Tlaxcala,000,0000,1342977,693083,649894
30,Veracruz de Ignacio de la Llave,000,0000,8062579,4190805,3871774
31,Yucatán,000,0000,2320898,1180619,1140279
32,Zacatecas,000,0000,1622138,831080,791058
