"Cube Title","Product Id","CANSIM Id",URL,"Cube Notes","Archive Status",Frequency,"Start Reference Period","End Reference Period","Total number of dimensions"
"Principal statistics for manufacturing industries, by North American Industry Classification System (NAICS)","16100117","301-0008","https://www150.statcan.gc.ca/t1/tbl1/en/tv.action?pid=1610011701",1;4;5;6;7;8;9;10;11;12;13;14;15;16;17;18;19;20;21,"CURRENT - a cube available to the public and that is current","Annual","2012-01-01","2024-01-01","3",

"Dimension ID","Dimension name","Dimension Notes","Dimension Definitions"
"1","Geography",,""
"2","Principal statistics",,""
"3","North American Industry Classification System (NAICS)",,""

"Dimension ID","Member Name","Classification Code","Member ID","Parent Member ID",Terminated,"Member Notes","Member Definitions"
"1","Atlantic Region","[1]","2","1","",,
"1","Quebec","[24]","7","1","",,
"1","Ontario","[35]","8","1","",,
"1","Prairie Region","[4]","9","1","",,
"1","British Columbia","[59]","13","1","",,
"1","Northern Territories","","14","1","",,
"1","Newfoundland and Labrador","[10]","3","2","",,
"1","Prince Edward Island","[11]","4","2","",,
"1","Nova Scotia","[12]","5","2","",,
"1","New Brunswick","[13]","6","2","",,
"1","Manitoba","[46]","10","9","",,
"1","Saskatchewan","[47]","11","9","",,
"1","Alberta","[48]","12","9","",,
"1","Yukon","[60]","15","14","",,
"1","Northwest Territories","[61]","16","14","",,
"1","Nunavut","[62]","17","14","",,
"1","Canada","[11124]","1","","",,
"2","Revenue from goods manufactured","","2","1","",,
"2","Total salaries and wages, direct and indirect labour","","4","3","",,
"2","Cost of materials and supplies","","5","3","",,
"2","Total cost of energy, water utility and vehicle fuel","","6","3","",15,
"2","Production workers' wages, direct labour","","18","4","t",,
"2","Non-manufacturing employees' salaries, indirect labour","","19","4","t",,
"2","Cost of energy and water utility","","7","6","t",,
"2","Cost of vehicle fuel","","8","6","t",,
"2","Opening Inventories, raw materials","","10","9","",,
"2","Opening inventories, goods or work in process","","11","9","",,
"2","Opening inventories, finished goods manufactured","","12","9","",,
"2","Closing inventories, raw materials","","14","13","",,
"2","Closing inventories, goods or work in process","","15","13","",,
"2","Closing inventories, finished goods manufactured","","16","13","",,
"2","Number of production workers, direct labour","","21","20","t",,
"2","Number of non-manufacturing employees, indirect labour","","22","20","t",,
"2","Total revenue","","1","","",,
"2","Total expenses","","3","","",,
"2","Total opening inventories","","9","","",,
"2","Total closing inventories","","13","","",,
"2","Manufacturing value added","","17","","",10,
"2","Total number of employees, direct and indirect labour","","20","","t",,
"3","Printing and related support activities","[323]","98","1","",,
"3","Petroleum and coal product manufacturing","[324]","102","1","",,
"3","Chemical manufacturing","[325]","107","1","",,
"3","Plastics and rubber products manufacturing","[326]","132","1","",,
"3","Electrical equipment, appliance and component manufacturing","[335]","235","1","",,
"3","Transportation equipment manufacturing","[336]","249","1","",,
"3","Miscellaneous manufacturing","[339]","281","1","",,
"3","Beverage and tobacco product manufacturing","[312]","33","1","",,
"3","Textile mills","[313]","42","1","",,
"3","Textile product mills","[314]","53","1","",,
"3","Apparel manufacture","[315]","60","1","",,
"3","Leather and allied product manufacturing","[316]","71","1","",,
"3","Wood product manufacturing","[321]","78","1","",,
"3","Food manufacturing","[311]","2","1","",,
"3","Fabricated metal product manufacturing","[332]","177","1","",,
"3","Machinery manufacturing","[333]","201","1","",,
"3","Non-metallic mineral product manufacturing","[327]","145","1","",,
"3","Primary metal manufacturing","[331]","162","1","",,
"3","Computer and electronic product manufacturing","[334]","220","1","",,
"3","Paper manufacturing","[322]","88","1","",,
"3","Furniture and related product manufacturing","[337]","272","1","",,
"3","Fruit and vegetable preserving and specialty food manufacturing","[3114]","13","2","",,
"3","Dairy product manufacturing","[3115]","16","2","",,
"3","Meat product manufacturing","[3116]","19","2","",,
"3","Seafood product preparation and packaging","[3117]","21","2","",,
"3","Bakeries and tortilla manufacturing","[3118]","23","2","",,
"3","Other food manufacturing","[3119]","27","2","",,
"3","Animal food manufacturing","[3111]","3","2","",,
"3","Grain and oilseed milling","[3112]","5","2","",,
"3","Sugar and confectionery product manufacturing","[3113]","9","2","",,
"3","Animal food manufacturing","[31111]","4","3","",,
"3","Dog and cat food manufacturing","[311111]","302","4","t",21,
"3","Other animal food manufacturing","[311119]","303","4","t",21,
"3","Flour milling and malt manufacturing","[31121]","6","5","",,
"3","Starch and vegetable fat and oil manufacturing","[31122]","7","5","",,
"3","Breakfast cereal manufacturing","[31123]","8","5","",,
"3","Flour milling","[311211]","291","6","t",21,
"3","Rice milling and malt manufacturing","[311214]","292","6","t",21,
"3","Wet corn milling","[311221]","293","7","t",21,
"3","Oilseed processing","[311224]","294","7","t",21,
"3","Fat and oil refining and blending","[311225]","295","7","t",21,
"3","Breakfast cereal manufacturing","[311230]","296","8","t",21,
"3","Sugar manufacturing","[31131]","10","9","",,
"3","Non-chocolate confectionery manufacturing","[31134]","11","9","",,
"3","Chocolate and chocolate confectionery manufacturing","[31135]","12","9","",,
"3","Sugar manufacturing","[311310]","304","10","t",21,
"3","Non-chocolate confectionery manufacturing","[311340]","305","11","t",21,
"3","Chocolate and chocolate confectionery manufacturing from cacao beans","[311351]","306","12","t",21,
"3","Confectionery manufacturing from purchased chocolate","[311352]","307","12","t",21,
"3","Frozen food manufacturing","[31141]","14","13","",,
"3","Fruit and vegetable canning, pickling and drying","[31142]","15","13","",,
"3","Frozen food manufacturing","[311410]","297","14","t",21,
"3","Fruit and vegetable canning, pickling and drying","[311420]","298","15","t",21,
"3","Dairy product (except frozen) manufacturing","[31151]","17","16","",,
"3","Ice cream and frozen dessert manufacturing","[31152]","18","16","",,
"3","Fluid milk manufacturing","[311511]","308","17","t",21,
"3","Butter, cheese and dry and condensed dairy product manufacturing","[311515]","309","17","t",21,
"3","Ice cream and frozen dessert manufacturing","[311520]","310","18","t",21,
"3","Animal slaughtering and processing","[31161]","20","19","",,
"3","Animal (except poultry) slaughtering","[311611]","299","20","t",17;21,
"3","Rendering and meat processing from carcasses","[311614]","300","20","t",21,
"3","Poultry slaughtering and processing","[311615]","301","20","t",21,
"3","Beef cattle slaughtering","[311616]","332","20","t",21,
"3","Hog slaughtering","[311617]","333","20","t",21,
"3","Other animal slaughtering","[311619]","334","20","t",21,
"3","Seafood product preparation and packaging","[31171]","22","21","",,
"3","Seafood product preparation and packaging","[311710]","311","22","t",21,
"3","Bread and bakery product manufacturing","[31181]","24","23","",,
"3","Cookie, cracker and pasta manufacturing","[31182]","25","23","",,
"3","Tortilla manufacturing","[31183]","26","23","",,
"3","Bakeries, manufacture of products for retail sale","[311811]","312","24","t",21,
"3","Commercial bakeries and frozen bakery product manufacturing","[311814]","313","24","t",21,
"3","Cookie and cracker manufacturing","[311821]","314","25","t",21,
"3","Flour mixes, dough and pasta manufacturing from purchased flour","[311824]","315","25","t",21,
"3","Tortilla manufacturing","[311830]","316","26","t",21,
"3","Snack food manufacturing","[31191]","28","27","",,
"3","Coffee and tea manufacturing","[31192]","29","27","",,
"3","Flavouring syrup and concentrate manufacturing","[31193]","30","27","",,
"3","Seasoning and dressing manufacturing","[31194]","31","27","",,
"3","All other food manufacturing","[31199]","32","27","",,
"3","Roasted nut and peanut butter manufacturing","[311911]","317","28","t",21,
"3","Other snack food manufacturing","[311919]","318","28","t",21,
"3","Coffee and tea manufacturing","[311920]","319","29","t",21,
"3","Flavouring syrup and concentrate manufacturing","[311930]","320","30","t",21,
"3","Seasoning and dressing manufacturing","[311940]","321","31","t",21,
"3","All other food manufacturing","[311990]","322","32","t",21,
"3","Beverage manufacturing","[3121]","34","33","",,
"3","Tobacco manufacturing","[3122]","39","33","",,
"3","Cannabis product manufacturing","[3123]","329","33","",,
"3","Soft drink and ice manufacturing","[31211]","35","34","",,
"3","Breweries","[31212]","36","34","",,
"3","Wineries","[31213]","37","34","",,
"3","Distilleries","[31214]","38","34","",,
"3","Soft drink and ice manufacturing","[312110]","323","35","t",21,
"3","breweries","[312120]","324","36","t",21,
"3","Wineries","[312130]","325","37","t",21,
"3","Distilleries","[312140]","326","38","t",21,
"3","Tobacco stemming and redrying","[31221]","40","39","",,
"3","Tobacco product manufacturing","[31222]","41","39","",,
"3","Tobacco stemming and redrying","[312210]","327","40","t",21,
"3","Tobacco product manufacturing","[312220]","328","41","t",21,
"3","Fibre, yarn and thread mills","[3131]","43","42","",,
"3","Fabric mills","[3132]","45","42","",,
"3","Textile and fabric finishing and fabric coating","[3133]","50","42","",,
"3","Fibre, yarn and thread mills","[31311]","44","43","",,
"3","Broad-woven fabric mills","[31321]","46","45","",,
"3","Narrow fabric mills and Schiffli machine embroidery","[31322]","47","45","",,
"3","Nonwoven fabric mills","[31323]","48","45","",,
"3","Knit fabric mills","[31324]","49","45","",,
"3","Textile and fabric finishing","[31331]","51","50","",,
"3","Fabric coating","[31332]","52","50","",,
"3","Textile furnishings mills","[3141]","54","53","",,
"3","Other textile product mills","[3149]","57","53","",,
"3","Carpet and rug mills","[31411]","55","54","",,
"3","Curtain and linen mills","[31412]","56","54","",,
"3","Textile bag and canvas mills","[31491]","58","57","",,
"3","All other textile product mills","[31499]","59","57","",,
"3","Apparel knitting mills","[3151]","61","60","",,
"3","Cut and sew clothing manufacturing","[3152]","64","60","",,
"3","Clothing accessories and other clothing manufacturing","[3159]","69","60","",,
"3","Hosiery and sock mills","[31511]","62","61","",18,
"3","Other clothing knitting mills","[31519]","63","61","",18,
"3","Apparel knitting mills","[31512]","335","61","",,
"3","Cut and sew clothing contracting","[31521]","65","64","",,
"3","Men's and boys' cut and sew clothing manufacturing","[31522]","66","64","",19,
"3","Women's, girls' and infants' cut and sew clothing manufacturing","[31524]","67","64","",19,
"3","Other cut and sew clothing manufacturing","[31528]","68","64","",19,
"3","Cut and sew apparel manufacturing (except contractors)","[31525]","336","64","",,
"3","Clothing accessories and other clothing manufacturing","[31599]","70","69","",,
"3","Leather and hide tanning and finishing","[3161]","72","71","",,
"3","Footwear manufacturing","[3162]","74","71","",,
"3","Other leather and allied product manufacturing","[3169]","76","71","",,
"3","Leather and hide tanning and finishing","[31611]","73","72","",,
"3","Footwear manufacturing","[31621]","75","74","",,
"3","Other leather and allied product manufacturing","[31699]","77","76","",,
"3","Sawmills and wood preservation","[3211]","79","78","",,
"3","Veneer, plywood and engineered wood product manufacturing","[3212]","82","78","",,
"3","Other wood product manufacturing","[3219]","84","78","",,
"3","Sawmills and wood preservation","[32111]","80","79","",,
"3","Sawmills (except shingle and shake mills)","[321111]","81","80","",,
"3","Veneer, plywood and engineered wood product manufacturing","[32121]","83","82","",,
"3","Millwork","[32191]","85","84","",,
"3","Wood container and pallet manufacturing","[32192]","86","84","",,
"3","All other wood product manufacturing","[32199]","87","84","",,
"3","Pulp, paper and paperboard mills","[3221]","89","88","",,
"3","Converted paper product manufacturing","[3222]","93","88","",,
"3","Pulp mills","[32211]","90","89","",,
"3","Paper mills","[32212]","91","89","",,
"3","Paperboard mills","[32213]","92","89","",,
"3","Other converted paper product manufacturing","[32229]","97","93","",,
"3","Paperboard container manufacturing","[32221]","94","93","",,
"3","Paper bag and coated and treated paper manufacturing","[32222]","95","93","",,
"3","Stationery product manufacturing","[32223]","96","93","",,
"3","Printing and related support activities","[3231]","99","98","",,
"3","Printing","[32311]","100","99","",,
"3","Support activities for printing","[32312]","101","99","",,
"3","Petroleum and coal product manufacturing","[3241]","103","102","",,
"3","Petroleum refineries","[32411]","104","103","",,
"3","Asphalt paving, roofing and saturated materials manufacturing","[32412]","105","103","",,
"3","Other petroleum and coal product manufacturing","[32419]","106","103","",,
"3","Basic chemical manufacturing","[3251]","108","107","",,
"3","Resin, synthetic rubber, and artificial and synthetic fibres and filaments manufacturing","[3252]","114","107","",,
"3","Pesticide, fertilizer and other agricultural chemical manufacturing","[3253]","117","107","",,
"3","Pharmaceutical and medicine manufacturing","[3254]","120","107","",,
"3","Paint, coating and adhesive manufacturing","[3255]","122","107","",,
"3","Soap, cleaning compound and toilet preparation manufacturing","[3256]","125","107","",,
"3","Other chemical product manufacturing","[3259]","128","107","",,
"3","Petrochemical manufacturing","[32511]","109","108","",,
"3","Industrial gas manufacturing","[32512]","110","108","",,
"3","Synthetic dye and pigment manufacturing","[32513]","111","108","",,
"3","Other basic inorganic chemical manufacturing","[32518]","112","108","",,
"3","Other basic organic chemical manufacturing","[32519]","113","108","",,
"3","Resin and synthetic rubber manufacturing","[32521]","115","114","",,
"3","Artificial and synthetic fibres and filaments manufacturing","[32522]","116","114","",,
"3","Fertilizer manufacturing","[32531]","118","117","",,
"3","Pesticide and other agricultural chemical manufacturing","[32532]","119","117","",,
"3","Pharmaceutical and medicine manufacturing","[32541]","121","120","",,
"3","Paint and coating manufacturing","[32551]","123","122","",,
"3","Adhesive manufacturing","[32552]","124","122","",,
"3","Soap and cleaning compound manufacturing","[32561]","126","125","",,
"3","Toilet preparation manufacturing","[32562]","127","125","",,
"3","Printing ink manufacturing","[32591]","129","128","",,
"3","Explosives manufacturing","[32592]","130","128","",,
"3","All other chemical product manufacturing","[32599]","131","128","",,
"3","Plastic product manufacturing","[3261]","133","132","",,
"3","Rubber product manufacturing","[3262]","141","132","",,
"3","Plastic packaging materials and unlaminated film and sheet manufacturing","[32611]","134","133","",,
"3","Plastic pipe, pipe fitting, and unlaminated profile shape manufacturing","[32612]","135","133","",,
"3","Laminated plastic plate, sheet (except packaging), and shape manufacturing","[32613]","136","133","",,
"3","Polystyrene foam product manufacturing","[32614]","137","133","",,
"3","Urethane and other foam product (except polystyrene) manufacturing","[32615]","138","133","",,
"3","Plastic bottle manufacturing","[32616]","139","133","",,
"3","Other plastic product manufacturing","[32619]","140","133","",,
"3","Tire manufacturing","[32621]","142","141","",,
"3","Rubber and plastic hose and belting manufacturing","[32622]","143","141","",,
"3","Other rubber product manufacturing","[32629]","144","141","",,
"3","Clay product and refractory manufacturing","[3271]","146","145","",,
"3","Glass and glass product manufacturing","[3272]","149","145","",,
"3","Cement and concrete product manufacturing","[3273]","151","145","",,
"3","Lime and gypsum product manufacturing","[3274]","156","145","",,
"3","Other non-metallic mineral product manufacturing","[3279]","159","145","",,
"3","Pottery, ceramics and plumbing fixture manufacturing","[32711]","147","146","",,
"3","Clay building material and refractory manufacturing","[32712]","148","146","",,
"3","Glass and glass product manufacturing","[32721]","150","149","",,
"3","Cement manufacturing","[32731]","152","151","",,
"3","Ready-mix concrete manufacturing","[32732]","153","151","",,
"3","Concrete pipe, brick and block manufacturing","[32733]","154","151","",,
"3","Other concrete product manufacturing","[32739]","155","151","",,
"3","Lime manufacturing","[32741]","157","156","",,
"3","Gypsum product manufacturing","[32742]","158","156","",,
"3","Abrasive product manufacturing","[32791]","160","159","",,
"3","All other non-metallic mineral product manufacturing","[32799]","161","159","",,
"3","Iron and steel mills and ferro-alloy manufacturing","[3311]","163","162","",,
"3","Steel product manufacturing from purchased steel","[3312]","165","162","",,
"3","Alumina and aluminum production and processing","[3313]","168","162","",,
"3","Non-ferrous metal (except aluminum) production and processing","[3314]","170","162","",,
"3","Foundries","[3315]","174","162","",,
"3","Iron and steel mills and ferro-alloy manufacturing","[33111]","164","163","",,
"3","Iron and steel pipes and tubes manufacturing from purchased steel","[33121]","166","165","",,
"3","Rolling and drawing of purchased steel","[33122]","167","165","",,
"3","Alumina and aluminum production and processing","[33131]","169","168","",,
"3","Non-ferrous metal (except aluminum) smelting and refining","[33141]","171","170","",,
"3","Copper rolling, drawing, extruding and alloying","[33142]","172","170","",,
"3","Non-ferrous metal (except copper and aluminum) rolling, drawing, extruding and alloying","[33149]","173","170","",,
"3","Ferrous metal foundries","[33151]","175","174","",,
"3","Non-ferrous metal foundries","[33152]","176","174","",,
"3","Forging and stamping","[3321]","178","177","",,
"3","Cutlery and hand tool manufacturing","[3322]","180","177","",,
"3","Architectural and structural metals manufacturing","[3323]","182","177","",,
"3","Boiler, tank and shipping container manufacturing","[3324]","185","177","",,
"3","Hardware manufacturing","[3325]","189","177","",,
"3","Spring and wire product manufacturing","[3326]","191","177","",,
"3","Machine shops, turned product, and screw, nut and bolt manufacturing","[3327]","193","177","",,
"3","Coating, engraving, cold and heat treating and allied activities","[3328]","196","177","",,
"3","Other fabricated metal product manufacturing","[3329]","198","177","",,
"3","Forging and stamping","[33211]","179","178","",,
"3","Cutlery and hand tool manufacturing","[33221]","181","180","",,
"3","Plate work and fabricated structural product manufacturing","[33231]","183","182","",,
"3","Ornamental and architectural metal product manufacturing","[33232]","184","182","",,
"3","Power boiler and heat exchanger manufacturing","[33241]","186","185","",,
"3","Metal tank (heavy gauge) manufacturing","[33242]","187","185","",,
"3","Metal can, box and other metal container (light gauge) manufacturing","[33243]","188","185","",,
"3","Hardware manufacturing","[33251]","190","189","",,
"3","Spring and wire product manufacturing","[33261]","192","191","",,
"3","Machine shops","[33271]","194","193","",,
"3","Turned product and screw, nut and bolt manufacturing","[33272]","195","193","",,
"3","Coating, engraving, cold and heat treating and allied activities","[33281]","197","196","",,
"3","Metal valve manufacturing","[33291]","199","198","",,
"3","All other fabricated metal product manufacturing","[33299]","200","198","",,
"3","Agricultural, construction and mining machinery manufacturing","[3331]","202","201","",,
"3","Industrial machinery manufacturing","[3332]","206","201","",,
"3","Commercial and service industry machinery manufacturing","[3333]","208","201","",,
"3","Ventilation, heating, air-conditioning and commercial refrigeration equipment manufacturing","[3334]","210","201","",,
"3","Metalworking machinery manufacturing","[3335]","212","201","",,
"3","Engine, turbine and power transmission equipment manufacturing","[3336]","214","201","",,
"3","Other general-purpose machinery manufacturing","[3339]","216","201","",,
"3","Agricultural implement manufacturing","[33311]","203","202","",,
"3","Construction machinery manufacturing","[33312]","204","202","",,
"3","Mining and oil and gas field machinery manufacturing","[33313]","205","202","",,
"3","Industrial machinery manufacturing","[33324]","207","206","",,
"3","Commercial and service industry machinery manufacturing","[33331]","209","208","",,
"3","Ventilation, heating, air-conditioning and commercial refrigeration equipment manufacturing","[33341]","211","210","",,
"3","Metalworking machinery manufacturing","[33351]","213","212","",,
"3","Engine, turbine and power transmission equipment manufacturing","[33361]","215","214","",,
"3","Pump and compressor manufacturing","[33391]","217","216","",,
"3","Material handling equipment manufacturing","[33392]","218","216","",,
"3","All other general-purpose machinery manufacturing","[33399]","219","216","",,
"3","Navigational, measuring, medical and control instruments manufacturing","[3345]","231","220","",,
"3","Manufacturing and reproducing magnetic and optical media","[3346]","233","220","",,
"3","Computer and peripheral equipment manufacturing","[3341]","221","220","",,
"3","Communications equipment manufacturing","[3342]","223","220","",,
"3","Audio and video equipment manufacturing","[3343]","227","220","",,
"3","Semiconductor and other electronic component manufacturing","[3344]","229","220","",,
"3","Computer and peripheral equipment manufacturing","[33411]","222","221","",,
"3","Telephone apparatus manufacturing","[33421]","224","223","",,
"3","Radio and television broadcasting and wireless communications equipment manufacturing","[33422]","225","223","",,
"3","Other communications equipment manufacturing","[33429]","226","223","",,
"3","Audio and video equipment manufacturing","[33431]","228","227","",,
"3","Semiconductor and other electronic component manufacturing","[33441]","230","229","",,
"3","Navigational, measuring, medical and control instruments manufacturing","[33451]","232","231","",,
"3","Manufacturing and reproducing magnetic and optical media","[33461]","234","233","",,
"3","Electric lighting equipment manufacturing","[3351]","236","235","",,
"3","Household appliance manufacturing","[3352]","239","235","",,
"3","Electrical equipment manufacturing","[3353]","242","235","",,
"3","Other electrical equipment and component manufacturing","[3359]","244","235","",,
"3","Electric lamp bulb and parts manufacturing","[33511]","237","236","",20,
"3","Lighting fixture manufacturing","[33512]","238","236","",20,
"3","Electric lighting equipment manufacturing","[33513]","337","236","",,
"3","Small electrical appliance manufacturing","[33521]","240","239","",,
"3","Major appliance manufacturing","[33522]","241","239","",,
"3","Electrical equipment manufacturing","[33531]","243","242","",,
"3","Battery manufacturing","[33591]","245","244","",,
"3","Communication and energy wire and cable manufacturing","[33592]","246","244","",,
"3","Wiring device manufacturing","[33593]","247","244","",,
"3","All other electrical equipment and component manufacturing","[33599]","248","244","",,
"3","Motor vehicle manufacturing","[3361]","250","249","",,
"3","Motor vehicle body and trailer manufacturing","[3362]","253","249","",,
"3","Motor vehicle parts manufacturing","[3363]","255","249","",,
"3","Aerospace product and parts manufacturing","[3364]","264","249","",,
"3","Railroad rolling stock manufacturing","[3365]","266","249","",,
"3","Ship and boat building","[3366]","268","249","",,
"3","Other transportation equipment manufacturing","[3369]","270","249","",,
"3","Automobile and light-duty motor vehicle manufacturing","[33611]","251","250","",,
"3","Heavy-duty truck manufacturing","[33612]","252","250","",,
"3","Motor vehicle body and trailer manufacturing","[33621]","254","253","",,
"3","Motor vehicle gasoline engine and engine parts manufacturing","[33631]","256","255","",,
"3","Motor vehicle electrical and electronic equipment manufacturing","[33632]","257","255","",,
"3","Motor vehicle steering and suspension components (except spring) manufacturing","[33633]","258","255","",,
"3","Motor vehicle brake system manufacturing","[33634]","259","255","",,
"3","Motor vehicle transmission and power train parts manufacturing","[33635]","260","255","",,
"3","Motor vehicle seating and interior trim manufacturing","[33636]","261","255","",,
"3","Motor vehicle metal stamping","[33637]","262","255","",,
"3","Other motor vehicle parts manufacturing","[33639]","263","255","",,
"3","Aerospace product and parts manufacturing","[33641]","265","264","",,
"3","Railroad rolling stock manufacturing","[33651]","267","266","",,
"3","Ship and boat building","[33661]","269","268","",,
"3","Other transportation equipment manufacturing","[33699]","271","270","",,
"3","Office furniture (including fixtures) manufacturing","[3372]","276","272","",,
"3","Other furniture-related product manufacturing","[3379]","278","272","",,
"3","Household and institutional furniture and kitchen cabinet manufacturing","[3371]","273","272","",,
"3","Wood kitchen cabinet and counter top manufacturing","[33711]","274","273","",,
"3","Household and institutional furniture manufacturing","[33712]","275","273","",,
"3","Office furniture (including fixtures) manufacturing","[33721]","277","276","",,
"3","Mattress manufacturing","[33791]","279","278","",,
"3","Blind and shade manufacturing","[33792]","280","278","",,
"3","Medical equipment and supplies manufacturing","[3391]","282","281","",,
"3","Other miscellaneous manufacturing","[3399]","284","281","",,
"3","Medical equipment and supplies manufacturing","[33911]","283","282","",,
"3","Jewellery and silverware manufacturing","[33991]","285","284","",,
"3","Sporting and athletic goods manufacturing","[33992]","286","284","",,
"3","Doll, toy and game manufacturing","[33993]","287","284","",,
"3","Office supplies (except paper) manufacturing","[33994]","288","284","",,
"3","Sign manufacturing","[33995]","289","284","",,
"3","All other miscellaneous manufacturing","[33999]","290","284","",,
"3","Cannabis product manufacturing","[31231]","330","329","",,
"3","Cannabis product manufacturing","[312310]","331","330","t",21,
"3","Manufacturing","[31-33]","1","","",,

Symbol Legend
Description,Symbol
"not available for a specific reference period","..",
"less than the limit of detection","<LOD",
"value rounded to 0 (zero) where there is a meaningful distinction between true zero and the value that was rounded","0s",
"data quality: excellent","A",
"data quality: very good","B",
"data quality: good","C",
"data quality: acceptable","D",
"use with caution","E",
"too unreliable to be published","F",
"not applicable","...",
"preliminary","p",
"revised","r",
"suppressed to meet the confidentiality requirements of the Statistics Act","x",
"terminated","t",

"Survey Code","Survey Name"
"2103","Annual Survey of Manufacturing and Logging Industries"

"Subject Code","Subject Name"
"16","Manufacturing"

"Note ID",Note
1,"This table replaces archived table 16-10-0038. Statistics Canada has introduced important improvements to the methods and processes used to compile economic statistics for reference year 2013. As a result, it should be noted that their comparability to the estimates for reference year 2012 has been impacted. Due to this apparent break in series, users are advised to use caution in making comparisons between the two sets of estimates."
4,"The data are classified by industry based on the North American Industry Classification System (NAICS) Canada 2022 Version 1.0."
5,"Estimates for the most recent year are preliminary, subject to revision."
6,"Unlike table 16-10-0038, data from units operating in the Yukon, Northwest Territories and Nunavut, are no longer reclassified to 339990. All data are now aggregated and published within their own sector of activity."
7,"Data quality indicators are based on the sampling coefficient of variation (CV) and response rate. Quality indicators description is: A - Excellent; B - Very good; C – Good;  D - Acceptable; E - Use with caution F - Too unreliable to publish."
8,"Due to changes in systems and methodology starting in 2013, a limited number of variables (5) are available for publication in the preliminary version of the 2013 reference period data from the Annual Survey of Manufactures. Following further review, an additional 12 variables are available with the revised version of the 2013 data. These variables are: Total cost of energy, water utility and vehicle fuel; Cost of energy and water utility; Cost of vehicle fuel; Total opening inventories; Opening inventories of raw materials; Opening inventories, goods or work in process; Opening inventories, finished goods manufactured; Total closing inventories; Closing inventories, raw materials; Closing inventories, goods or work in process; Closing inventories, finished goods manufactured and Manufacturing value added. The 2013 revised data are released with the 2014 preliminary data."
9,"On March 7th, 2016, the following data for 2013 have been corrected: Revenues from Goods Manufactured for NAICS 32411 in the Prairie region and Canada, Revenues from Goods Manufactured for NAICS 3241 in the Prairie region and Canada, Revenues from Goods Manufactured for NAICS 324 in the Prairie region and Canada, Revenues from Goods Manufactured for NAICS 31-33 in the Prairie region and Canada, as well as Revenues from Goods Manufactured for NAICS 31-33 in Saskatchewan."
10,"Manufactured value added equals production minus consumption, where production is = (Revenue from goods manufactured + (Closing inventories, goods or work in process + Closing inventories, finished goods manufactured) - (Opening inventories, goods or work in process + Opening inventories, finished goods manufactured)). Beginning with the 2013 reference period, consumption is calculated as follows: (Opening inventories, raw materials + Cost of materials and supplies + Total cost of energy, water utility and vehicle fuel - Closing inventories of raw materials)."
11,"On July 26th, 2016, a correction was made to the French version of this table. The correction affects the titles for the Opening inventories of raw materials and the Opening inventories of goods or work in process. These were reversed in error."
12,"On November 16th, 2016 a correction was made to the scalar factor for the following variables: Total cost of energy, water utility and vehicle fuel; Cost of energy and water utility; Cost of vehicle fuel; Total opening inventories; Opening inventories of raw materials; Opening inventories, goods or work in process; Opening inventories, finished goods manufactured; Total closing inventories; Closing inventories, raw materials; Closing inventories, goods or work in process; Closing inventories, finished goods manufactured; and Manufacturing value added. These variables were displayed in dollars, while the data were meant to be published in thousands of dollars (dollars x 1000)."
13,"From reference year 2015 to 2021, 5 additional variables are available: Production workers' wages, direct labour; Non-manufacturing employees' salaries, indirect labour; Total number of employees, direct and indirect labour; Number of production workers, direct labour and Number of non-manufacturing employees, indirect labour."
14,"Totals may not add due to rounding."
15,"Beginning with reference year 2018, the details between the cost of energy, water utility and vehicle fuel are no longer available."
16,"After reviewing our confidentiality rules as part of our regular procedures, we determined that some unnecessary suppression had occurred, and additional data could be made available. This is the case for 2,048 data points in 2016, 1,760 data points in 2017 and 1,224 data points for 2018 preliminary data that were added to this table on March 12, 2020."
17,"Beginning with reference year 2022, NAICS 311611 expired and was broken down into emerging items 311616, 311617 and 311619."
18,"Beginning with reference year 2022, NAICS 31511 and 31519 expired and merged into emerging item 31512."
19,"Beginning with reference year 2022, NAICS 31524, 31522 and 31528 expired and merged into emerging item 31525."
20,"Beginning with reference year 2022, NAICS 33511 and 33512 expired and merged into emerging item 33513."
21,"Beginning with reference year 2023, NAICS level 6 are no longer published."

"Correction ID","Correction Date","Correction Note"
"1057","2018-07-03","<p>On July 4th, 2018, a correction was made to 36 data points for reference year 2015. At the lowest level, the data points affected were the Number of production workers, direct labour (changing from -2,437 to 923 persons), the Number of non-manufacturing employees, indirect labour (changing from -312 to 190 persons) and the Total number of employees, direct and indirect labour (changing from -2,750 to 1,112 persons) for the NAICS 33712 Household and institutional furniture manufacturing in Alberta. As a result, all combinations of these 3 principal statistics, for NAICS 33712, 3371, 337, and 31-33 for Alberta, the Prairies and Canada were also corrected.<br></p>",
"966","2016-03-07","<p>On March 7th, 2016, the following data for 2013 have been corrected: Revenues from Goods Manufactured for NAICS 32411 in the Prairies region and Canada, Revenues from Goods Manufactured for NAICS 3241 in the Prairie region and Canada, Revenues from Goods Manufactured for NAICS 324 in the Prairie region and Canada, Revenues from Goods Manufactured for NAICS 31-33 in the Prairie region and Canada, as well as Revenues from Goods Manufactured for 31-33 in Saskatchewan.<br></p>",
"978","2016-07-26","<p>July 26th, 2016, a correction was made to the French version of this table. The correction affects the titles for the Opening inventories of raw materials and the Opening inventories of goods or work in process. These were reversed in error.<br></p>",
"985","2016-11-16","<p>On November 16th, 2016 a correction was made to the scalar factor for the following variables: Total cost of energy, water utility and vehicle fuel; Cost of energy and water utility; Cost of vehicle fuel; Total opening inventories; Opening inventories of raw materials; Opening inventories, goods or work in process; Opening inventories, finished goods manufactured; Total closing inventories; Closing inventories, raw materials; Closing inventories, goods or work in process; Closing inventories, finished goods manufactured; and Manufacturing value added. These variables were displayed in dollars, while the data were meant to be published in thousands of dollars (dollars x 1000).<br></p>",

