"REF_DATE","GEO","DGUID","Principal statistics","North American Industry Classification System (NAICS)","UOM","UOM_ID","SCALAR_FACTOR","SCALAR_ID","VECTOR","COORDINATE","VALUE","STATUS","SYMBOL","TERMINATED","DECIMALS"
"2021","Canada","2021A000011124","Revenue from goods manufactured","Wood product manufacturing [321]","Dollars","81","thousands","3","v105899919","1.2.78","53445762","B","","","0"
"2021","Canada","2021A000011124","Revenue from goods manufactured","Paper manufacturing [322]","Dollars","81","thousands","3","v105899929","1.2.88","29169104","B","","","0"
"2021","Newfoundland and Labrador","2021A000210","Revenue from goods manufactured","Wood product manufacturing [321]","Dollars","81","thousands","3","v105902527","3.2.78","","x","","","0"
"2021","Newfoundland and Labrador","2021A000210","Revenue from goods manufactured","Paper manufacturing [322]","Dollars","81","thousands","3","v105902537","3.2.88","","x","","","0"
"2021","Prince Edward Island","2021A000211","Revenue from goods manufactured","Wood product manufacturing [321]","Dollars","81","thousands","3","v105903392","4.2.78","","x","","","0"
"2021","Prince Edward Island","2021A000211","Revenue from goods manufactured","Paper manufacturing [322]","Dollars","81","thousands","3","v105903402","4.2.88","","x","","","0"
"2021","Nova Scotia","2021A000212","Revenue from goods manufactured","Wood product manufacturing [321]","Dollars","81","thousands","3","v105904245","5.2.78","","x","","","0"
"2021","Nova Scotia","2021A000212","Revenue from goods manufactured","Paper manufacturing [322]","Dollars","81","thousands","3","v105904255","5.2.88","","x","","","0"
"2021","New Brunswick","2021A000213","Revenue from goods manufactured","Wood product manufacturing [321]","Dollars","81","thousands","3","v105905406","6.2.78","","x","","","0"
"2021","New Brunswick","2021A000213","Revenue from goods manufactured","Paper manufacturing [322]","Dollars","81","thousands","3","v105905416","6.2.88","2243867","A","","","0"
"2021","Quebec","2021A000224","Revenue from goods manufactured","Wood product manufacturing [321]","Dollars","81","thousands","3","v105906622","7.2.78","14479588","B","","","0"
"2021","Quebec","2021A000224","Revenue from goods manufactured","Paper manufacturing [322]","Dollars","81","thousands","3","v105906632","7.2.88","9534550","B","","","0"
"2021","Ontario","2021A000235","Revenue from goods manufactured","Wood product manufacturing [321]","Dollars","81","thousands","3","v105908049","8.2.78","8030303","C","","","0"
"2021","Ontario","2021A000235","Revenue from goods manufactured","Paper manufacturing [322]","Dollars","81","thousands","3","v105908059","8.2.88","8998592","C","","","0"
"2021","Manitoba","2021A000246","Revenue from goods manufactured","Wood product manufacturing [321]","Dollars","81","thousands","3","v105910838","10.2.78","716334","C","","","0"
"2021","Manitoba","2021A000246","Revenue from goods manufactured","Paper manufacturing [322]","Dollars","81","thousands","3","v105910848","10.2.88","","x","","","0"
"2021","Saskatchewan","2021A000247","Revenue from goods manufactured","Wood product manufacturing [321]","Dollars","81","thousands","3","v105912088","11.2.78","1544385","B","","","0"
"2021","Saskatchewan","2021A000247","Revenue from goods manufactured","Paper manufacturing [322]","Dollars","81","thousands","3","v105912098","11.2.88","","x","","","0"
"2021","Alberta","2021A000248","Revenue from goods manufactured","Wood product manufacturing [321]","Dollars","81","thousands","3","v105913321","12.2.78","7914084","B","","","0"
"2021","Alberta","2021A000248","Revenue from goods manufactured","Paper manufacturing [322]","Dollars","81","thousands","3","v105913331","12.2.88","2344509","B","","","0"
"2021","British Columbia","2021A000259","Revenue from goods manufactured","Wood product manufacturing [321]","Dollars","81","thousands","3","v105914711","13.2.78","17190022","B","","","0"
"2021","British Columbia","2021A000259","Revenue from goods manufactured","Paper manufacturing [322]","Dollars","81","thousands","3","v105914721","13.2.88","4532717","A","","","0"
"2023","Canada","2021A000011124","Revenue from goods manufactured","Wood product manufacturing [321]","Dollars","81","thousands","3","v105899919","1.2.78","39565837","B","","","0"
"2023","Canada","2021A000011124","Revenue from goods manufactured","Paper manufacturing [322]","Dollars","81","thousands","3","v105899929","1.2.88","32813239","B","","","0"
"2023","Newfoundland and Labrador","2021A000210","Revenue from goods manufactured","Wood product manufacturing [321]","Dollars","81","thousands","3","v105902527","3.2.78","","x","","","0"
"2023","Newfoundland and Labrador","2021A000210","Revenue from goods manufactured","Paper manufacturing [322]","Dollars","81","thousands","3","v105902537","3.2.88","","x","","","0"
"2023","Prince Edward Island","2021A000211","Revenue from goods manufactured","Wood product manufacturing [321]","Dollars","81","thousands","3","v105903392","4.2.78","","x","","","0"
"2023","Prince Edward Island","2021A000211","Revenue from goods manufactured","Paper manufacturing [322]","Dollars","81","thousands","3","v105903402","4.2.88","","x","","","0"
"2023","Nova Scotia","2021A000212","Revenue from goods manufactured","Wood product manufacturing [321]","Dollars","81","thousands","3","v105904245","5.2.78","568580","B","","","0"
"2023","Nova Scotia","2021A000212","Revenue from goods manufactured","Paper manufacturing [322]","Dollars","81","thousands","3","v105904255","5.2.88","","x","","","0"
"2023","New Brunswick","2021A000213","Revenue from goods manufactured","Wood product manufacturing [321]","Dollars","81","thousands","3","v105905406","6.2.78","1894262","A","","","0"
"2023","New Brunswick","2021A000213","Revenue from goods manufactured","Paper manufacturing [322]","Dollars","81","thousands","3","v105905416","6.2.88","2438546","B","","","0"
"2023","Quebec","2021A000224","Revenue from goods manufactured","Wood product manufacturing [321]","Dollars","81","thousands","3","v105906622","7.2.78","11624604","B","","","0"
"2023","Quebec","2021A000224","Revenue from goods manufactured","Paper manufacturing [322]","Dollars","81","thousands","3","v105906632","7.2.88","11433377","A","","","0"
"2023","Ontario","2021A000235","Revenue from goods manufactured","Wood product manufacturing [321]","Dollars","81","thousands","3","v105908049","8.2.78","7176252","B","","","0"
"2023","Ontario","2021A000235","Revenue from goods manufactured","Paper manufacturing [322]","Dollars","81","thousands","3","v105908059","8.2.88","10306775","B","","","0"
"2023","Manitoba","2021A000246","Revenue from goods manufactured","Wood product manufacturing [321]","Dollars","81","thousands","3","v105910838","10.2.78","860643","C","","","0"
"2023","Manitoba","2021A000246","Revenue from goods manufactured","Paper manufacturing [322]","Dollars","81","thousands","3","v105910848","10.2.88","","x","","","0"
"2023","Saskatchewan","2021A000247","Revenue from goods manufactured","Wood product manufacturing [321]","Dollars","81","thousands","3","v105912088","11.2.78","835648","B","","","0"
"2023","Saskatchewan","2021A000247","Revenue from goods manufactured","Paper manufacturing [322]","Dollars","81","thousands","3","v105912098","11.2.88","","x","","","0"
"2023","Alberta","2021A000248","Revenue from goods manufactured","Wood product manufacturing [321]","Dollars","81","thousands","3","v105913321","12.2.78","5180978","B","","","0"
"2023","Alberta","2021A000248","Revenue from goods manufactured","Paper manufacturing [322]","Dollars","81","thousands","3","v105913331","12.2.88","2409740","A","","","0"
"2023","British Columbia","2021A000259","Revenue from goods manufactured","Wood product manufacturing [321]","Dollars","81","thousands","3","v105914711","13.2.78","11279259","B","","","0"
"2023","British Columbia","2021A000259","Revenue from goods manufactured","Paper manufacturing [322]","Dollars","81","thousands","3","v105914721","13.2.88","4474268","A","","","0"
"2024","Canada","2021A000011124","Revenue from goods manufactured","Wood product manufacturing [321]","Dollars","81","thousands","3","v105899919","1.2.78","39408009","C","","","0"
"2024","Canada","2021A000011124","Revenue from goods manufactured","Paper manufacturing [322]","Dollars","81","thousands","3","v105899929","1.2.88","33064422","B","","","0"
"2024","Newfoundland and Labrador","2021A000210","Revenue from goods manufactured","Wood product manufacturing [321]","Dollars","81","thousands","3","v105902527","3.2.78","105923","B","","","0"
"2024","Newfoundland and Labrador","2021A000210","Revenue from goods manufactured","Paper manufacturing [322]","Dollars","81","thousands","3","v105902537","3.2.88","","x","","","0"
"2024","Prince Edward Island","2021A000211","Revenue from goods manufactured","Wood product manufacturing [321]","Dollars","81","thousands","3","v105903392","4.2.78","25319","C","","","0"
"2024","Prince Edward Island","2021A000211","Revenue from goods manufactured","Paper manufacturing [322]","Dollars","81","thousands","3","v105903402","4.2.88","","x","","","0"
"2024","Nova Scotia","2021A000212","Revenue from goods manufactured","Wood product manufacturing [321]","Dollars","81","thousands","3","v105904245","5.2.78","580600","B","","","0"
"2024","Nova Scotia","2021A000212","Revenue from goods manufactured","Paper manufacturing [322]","Dollars","81","thousands","3","v105904255","5.2.88","501338","A","","","0"
"2024","New Brunswick","2021A000213","Revenue from goods manufactured","Wood product manufacturing [321]","Dollars","81","thousands","3","v105905406","6.2.78","1951588","C","","","0"
"2024","New Brunswick","2021A000213","Revenue from goods manufactured","Paper manufacturing [322]","Dollars","81","thousands","3","v105905416","6.2.88","2494946","B","","","0"
"2024","Quebec","2021A000224","Revenue from goods manufactured","Wood product manufacturing [321]","Dollars","81","thousands","3","v105906622","7.2.78","11789608","C","","","0"
"2024","Quebec","2021A000224","Revenue from goods manufactured","Paper manufacturing [322]","Dollars","81","thousands","3","v105906632","7.2.88","11928895","B","","","0"
"2024","Ontario","2021A000235","Revenue from goods manufactured","Wood product manufacturing [321]","Dollars","81","thousands","3","v105908049","8.2.78","6822684","C","","","0"
"2024","Ontario","2021A000235","Revenue from goods manufactured","Paper manufacturing [322]","Dollars","81","thousands","3","v105908059","8.2.88","9741289","B","","","0"
"2024","Manitoba","2021A000246","Revenue from goods manufactured","Wood product manufacturing [321]","Dollars","81","thousands","3","v105910838","10.2.78","873429","B","","","0"
"2024","Manitoba","2021A000246","Revenue from goods manufactured","Paper manufacturing [322]","Dollars","81","thousands","3","v105910848","10.2.88","","x","","","0"
"2024","Saskatchewan","2021A000247","Revenue from goods manufactured","Wood product manufacturing [321]","Dollars","81","thousands","3","v105912088","11.2.78","908461","B","","","0"
"2024","Saskatchewan","2021A000247","Revenue from goods manufactured","Paper manufacturing [322]","Dollars","81","thousands","3","v105912098","11.2.88","","x","","","0"
"2024","Alberta","2021A000248","Revenue from goods manufactured","Wood product manufacturing [321]","Dollars","81","thousands","3","v105913321","12.2.78","5432520","C","","","0"
"2024","Alberta","2021A000248","Revenue from goods manufactured","Paper manufacturing [322]","Dollars","81","thousands","3","v105913331","12.2.88","2483602","A","","","0"
"2024","British Columbia","2021A000259","Revenue from goods manufactured","Wood product manufacturing [321]","Dollars","81","thousands","3","v105914711","13.2.78","10916312","C","","","0"
"2024","British Columbia","2021A000259","Revenue from goods manufactured","Paper manufacturing [322]","Dollars","81","thousands","3","v105914721","13.2.88","4733033","A","","","0"
