country_code,country_name,year,population_persons,population_status,density_persons_per_land_km2,density_status,urban_share_percent,urban_share_status
ARG,Argentina,2023,45538401,value,16.6399559321662,value,92.1945132257907,value
ATG,Antigua and Barbuda,2023,93316,value,212.081818181818,value,24.4500156687422,value
BHS,The Bahamas,2023,399440,value,39.9040959040959,value,81.3213799173676,value
BLZ,Belize,2023,411106,value,18.0230600613766,value,41.9459437504976,value
BOL,Bolivia,2023,12244159,value,11.3026483891812,value,70.9151414044538,value
BRA,Brazil,2023,211140729,value,25.2616884857157,value,87.6159710235763,value
BRB,Barbados,2023,282336,value,656.595348837209,value,59.4235740235775,value
CHL,Chile,2023,19658835,value,26.4647249005172,value,88.8158617217972,value
COL,Colombia,2023,52321152,value,47.1574150518251,value,78.275571579544,value
CRI,Costa Rica,2023,5105525,value,99.9906972189581,value,78.8819393641702,value
CUB,Cuba,2023,11019931,value,106.165038535645,value,77.1259872296321,value
DMA,Dominica,2023,66510,value,88.68,value,73.1105011438027,value
DOM,Dominican Republic,2023,11331265,value,235.098143035751,value,72.3577991823338,value
ECU,Ecuador,2023,17980083,value,72.3952448059269,value,63.1307729554263,value
FLK,Falkland Islands,2023,,unavailable,,unavailable,,unavailable
GRD,Grenada,2023,117081,value,344.355882352941,value,36.462128238584,value
GTM,Guatemala,2023,18124838,value,169.138092571855,value,55.6082319565539,value
GUY,Guyana,2023,826353,value,3.91376811594203,value,26.4651457279878,value
HND,Honduras,2023,10644851,value,95.1367503798373,value,58.3132392705102,value
HTI,Haiti,2023,11637398,value,422.256821480406,value,54.4496819335618,value
JAM,Jamaica,2023,2839786,value,262.214773776547,value,58.4510149367429,value
KNA,Saint Kitts and Nevis,2023,46758,value,179.838461538462,value,31.7007809622822,value
LCA,Saint Lucia,2023,179285,value,293.909836065574,value,29.0976313248036,value
NIC,Nicaragua,2023,6823613,value,56.702783779292,value,59.1250953674316,value
PAN,Panama,2023,4458759,value,60.1072930709086,value,65.8601271176084,value
PER,Peru,2023,33845617,value,26.44188828125,value,84.7810255849745,value
PRI,Puerto Rico,2023,3203794,value,361.194363021421,value,94.1774359275881,value
PRY,Paraguay,2023,6844146,value,17.282671943072,value,69.3466081733694,value
SLV,El Salvador,2023,6309624,value,304.518532818533,value,74.6080675149903,value
SUR,Suriname,2023,628886,value,3.91810706046897,value,65.7562408447266,value
TTO,Trinidad and Tobago,2023,1367510,value,266.571150097466,value,53.9536842104572,value
URY,Uruguay,2023,3388081,value,19.3582504856588,value,95.5439605712891,value
VCT,Saint Vincent and the Grenadines,2023,101323,value,259.802564102564,value,47.7169922340041,value
VEN,Venezuela,2023,28300854,value,32.0853171588912,value,89.249627620225,value
