"REF_DATE","GEO","DGUID","North American Industry Classification System (NAICS)","UOM","UOM_ID","SCALAR_FACTOR","SCALAR_ID","VECTOR","COORDINATE","VALUE","STATUS","SYMBOL","TERMINATED","DECIMALS"
"2023","Newfoundland and Labrador","2021A000210","All industries [T001]","Percentage share","246","units","0","v54255922","1.1","100.00","","","","2"
"2023","Newfoundland and Labrador","2021A000210","Services-producing industries [T003]","Percentage share","246","units","0","v62356023","1.21","56.99","","","","2"
"2023","Newfoundland and Labrador","2021A000210","Mining, quarrying, and oil and gas extraction [21]","Percentage share","246","units","0","v54255924","1.3","28.56","","","","2"
"2023","Newfoundland and Labrador","2021A000210","Manufacturing [31-33]","Percentage share","246","units","0","v54255927","1.6","2.82","","","","2"
"2023","Prince Edward Island","2021A000211","All industries [T001]","Percentage share","246","units","0","v54255941","2.1","100.00","","","","2"
"2023","Prince Edward Island","2021A000211","Services-producing industries [T003]","Percentage share","246","units","0","v62356031","2.21","72.52","","","","2"
"2023","Prince Edward Island","2021A000211","Mining, quarrying, and oil and gas extraction [21]","Percentage share","246","units","0","v54255943","2.3","0.03","","","","2"
"2023","Prince Edward Island","2021A000211","Manufacturing [31-33]","Percentage share","246","units","0","v54255946","2.6","12.84","","","","2"
"2023","Nova Scotia","2021A000212","All industries [T001]","Percentage share","246","units","0","v54255960","3.1","100.00","","","","2"
"2023","Nova Scotia","2021A000212","Services-producing industries [T003]","Percentage share","246","units","0","v62356039","3.21","81.94","","","","2"
"2023","Nova Scotia","2021A000212","Mining, quarrying, and oil and gas extraction [21]","Percentage share","246","units","0","v54255962","3.3","0.54","","","","2"
"2023","Nova Scotia","2021A000212","Manufacturing [31-33]","Percentage share","246","units","0","v54255965","3.6","6.84","","","","2"
"2023","New Brunswick","2021A000213","All industries [T001]","Percentage share","246","units","0","v54255979","4.1","100.00","","","","2"
"2023","New Brunswick","2021A000213","Services-producing industries [T003]","Percentage share","246","units","0","v62356047","4.21","76.27","","","","2"
"2023","New Brunswick","2021A000213","Mining, quarrying, and oil and gas extraction [21]","Percentage share","246","units","0","v54255981","4.3","0.52","","","","2"
"2023","New Brunswick","2021A000213","Manufacturing [31-33]","Percentage share","246","units","0","v54255984","4.6","9.48","","","","2"
"2023","Quebec","2021A000224","All industries [T001]","Percentage share","246","units","0","v54255998","5.1","100.00","","","","2"
"2023","Quebec","2021A000224","Services-producing industries [T003]","Percentage share","246","units","0","v62356055","5.21","73.63","","","","2"
"2023","Quebec","2021A000224","Mining, quarrying, and oil and gas extraction [21]","Percentage share","246","units","0","v54256000","5.3","1.98","","","","2"
"2023","Quebec","2021A000224","Manufacturing [31-33]","Percentage share","246","units","0","v54256003","5.6","13.15","","","","2"
"2023","Ontario","2021A000235","All industries [T001]","Percentage share","246","units","0","v54256017","6.1","100.00","","","","2"
"2023","Ontario","2021A000235","Services-producing industries [T003]","Percentage share","246","units","0","v62356063","6.21","77.91","","","","2"
"2023","Ontario","2021A000235","Mining, quarrying, and oil and gas extraction [21]","Percentage share","246","units","0","v54256019","6.3","1.04","","","","2"
"2023","Ontario","2021A000235","Manufacturing [31-33]","Percentage share","246","units","0","v54256022","6.6","10.38","","","","2"
"2023","Manitoba","2021A000246","All industries [T001]","Percentage share","246","units","0","v54256036","7.1","100.00","","","","2"
"2023","Manitoba","2021A000246","Services-producing industries [T003]","Percentage share","246","units","0","v62356071","7.21","73.06","","","","2"
"2023","Manitoba","2021A000246","Mining, quarrying, and oil and gas extraction [21]","Percentage share","246","units","0","v54256038","7.3","2.38","","","","2"
"2023","Manitoba","2021A000246","Manufacturing [31-33]","Percentage share","246","units","0","v54256041","7.6","9.87","","","","2"
"2023","Saskatchewan","2021A000247","All industries [T001]","Percentage share","246","units","0","v54256055","8.1","100.00","","","","2"
"2023","Saskatchewan","2021A000247","Services-producing industries [T003]","Percentage share","246","units","0","v62356079","8.21","52.31","","","","2"
"2023","Saskatchewan","2021A000247","Mining, quarrying, and oil and gas extraction [21]","Percentage share","246","units","0","v54256057","8.3","22.06","","","","2"
"2023","Saskatchewan","2021A000247","Manufacturing [31-33]","Percentage share","246","units","0","v54256060","8.6","7.01","","","","2"
"2023","Alberta","2021A000248","All industries [T001]","Percentage share","246","units","0","v54256074","9.1","100.00","","","","2"
"2023","Alberta","2021A000248","Services-producing industries [T003]","Percentage share","246","units","0","v62356087","9.21","55.19","","","","2"
"2023","Alberta","2021A000248","Mining, quarrying, and oil and gas extraction [21]","Percentage share","246","units","0","v54256076","9.3","26.66","","","","2"
"2023","Alberta","2021A000248","Manufacturing [31-33]","Percentage share","246","units","0","v54256079","9.6","7.32","","","","2"
"2023","British Columbia","2021A000259","All industries [T001]","Percentage share","246","units","0","v54256093","10.1","100.00","","","","2"
"2023","British Columbia","2021A000259","Services-producing industries [T003]","Percentage share","246","units","0","v62356095","10.21","75.76","","","","2"
"2023","British Columbia","2021A000259","Mining, quarrying, and oil and gas extraction [21]","Percentage share","246","units","0","v54256095","10.3","5.49","","","","2"
"2023","British Columbia","2021A000259","Manufacturing [31-33]","Percentage share","246","units","0","v54256098","10.6","5.69","","","","2"
"2023","Yukon","2021A000260","All industries [T001]","Percentage share","246","units","0","v54256112","11.1","100.00","","","","2"
"2023","Yukon","2021A000260","Services-producing industries [T003]","Percentage share","246","units","0","v62356103","11.21","75.39","","","","2"
"2023","Yukon","2021A000260","Mining, quarrying, and oil and gas extraction [21]","Percentage share","246","units","0","v54256114","11.3","9.47","","","","2"
"2023","Yukon","2021A000260","Manufacturing [31-33]","Percentage share","246","units","0","v54256117","11.6","0.69","","","","2"
"2023","Northwest Territories","2021A000261","All industries [T001]","Percentage share","246","units","0","v54256131","12.1","100.00","","","","2"
"2023","Northwest Territories","2021A000261","Services-producing industries [T003]","Percentage share","246","units","0","v62356111","12.21","69.26","","","","2"
"2023","Northwest Territories","2021A000261","Mining, quarrying, and oil and gas extraction [21]","Percentage share","246","units","0","v54256133","12.3","21.67","","","","2"
"2023","Northwest Territories","2021A000261","Manufacturing [31-33]","Percentage share","246","units","0","v54256136","12.6","0.29","","","","2"
"2023","Nunavut","2021A000262","All industries [T001]","Percentage share","246","units","0","v54256150","13.1","100.00","","","","2"
"2023","Nunavut","2021A000262","Services-producing industries [T003]","Percentage share","246","units","0","v62356119","13.21","51.21","","","","2"
"2023","Nunavut","2021A000262","Mining, quarrying, and oil and gas extraction [21]","Percentage share","246","units","0","v54256152","13.3","38.05","","","","2"
"2023","Nunavut","2021A000262","Manufacturing [31-33]","Percentage share","246","units","0","v54256155","13.6","0.39","","","","2"
"2024","Newfoundland and Labrador","2021A000210","All industries [T001]","Percentage share","246","units","0","v54255922","1.1","100.00","","","","2"
"2024","Newfoundland and Labrador","2021A000210","Services-producing industries [T003]","Percentage share","246","units","0","v62356023","1.21","57.55","","","","2"
"2024","Newfoundland and Labrador","2021A000210","Mining, quarrying, and oil and gas extraction [21]","Percentage share","246","units","0","v54255924","1.3","27.88","","","","2"
"2024","Newfoundland and Labrador","2021A000210","Manufacturing [31-33]","Percentage share","246","units","0","v54255927","1.6","3.16","","","","2"
"2024","Prince Edward Island","2021A000211","All industries [T001]","Percentage share","246","units","0","v54255941","2.1","100.00","","","","2"
"2024","Prince Edward Island","2021A000211","Services-producing industries [T003]","Percentage share","246","units","0","v62356031","2.21","72.22","","","","2"
"2024","Prince Edward Island","2021A000211","Mining, quarrying, and oil and gas extraction [21]","Percentage share","246","units","0","v54255943","2.3","0.03","","","","2"
"2024","Prince Edward Island","2021A000211","Manufacturing [31-33]","Percentage share","246","units","0","v54255946","2.6","12.56","","","","2"
"2024","Nova Scotia","2021A000212","All industries [T001]","Percentage share","246","units","0","v54255960","3.1","100.00","","","","2"
"2024","Nova Scotia","2021A000212","Services-producing industries [T003]","Percentage share","246","units","0","v62356039","3.21","81.85","","","","2"
"2024","Nova Scotia","2021A000212","Mining, quarrying, and oil and gas extraction [21]","Percentage share","246","units","0","v54255962","3.3","0.38","","","","2"
"2024","Nova Scotia","2021A000212","Manufacturing [31-33]","Percentage share","246","units","0","v54255965","3.6","6.90","","","","2"
"2024","New Brunswick","2021A000213","All industries [T001]","Percentage share","246","units","0","v54255979","4.1","100.00","","","","2"
"2024","New Brunswick","2021A000213","Services-producing industries [T003]","Percentage share","246","units","0","v62356047","4.21","77.34","","","","2"
"2024","New Brunswick","2021A000213","Mining, quarrying, and oil and gas extraction [21]","Percentage share","246","units","0","v54255981","4.3","0.44","","","","2"
"2024","New Brunswick","2021A000213","Manufacturing [31-33]","Percentage share","246","units","0","v54255984","4.6","9.30","","","","2"
"2024","Quebec","2021A000224","All industries [T001]","Percentage share","246","units","0","v54255998","5.1","100.00","","","","2"
"2024","Quebec","2021A000224","Services-producing industries [T003]","Percentage share","246","units","0","v62356055","5.21","74.33","","","","2"
"2024","Quebec","2021A000224","Mining, quarrying, and oil and gas extraction [21]","Percentage share","246","units","0","v54256000","5.3","2.02","","","","2"
"2024","Quebec","2021A000224","Manufacturing [31-33]","Percentage share","246","units","0","v54256003","5.6","12.58","","","","2"
"2024","Ontario","2021A000235","All industries [T001]","Percentage share","246","units","0","v54256017","6.1","100.00","","","","2"
"2024","Ontario","2021A000235","Services-producing industries [T003]","Percentage share","246","units","0","v62356063","6.21","79.04","","","","2"
"2024","Ontario","2021A000235","Mining, quarrying, and oil and gas extraction [21]","Percentage share","246","units","0","v54256019","6.3","1.10","","","","2"
"2024","Ontario","2021A000235","Manufacturing [31-33]","Percentage share","246","units","0","v54256022","6.6","9.52","","","","2"
"2024","Manitoba","2021A000246","All industries [T001]","Percentage share","246","units","0","v54256036","7.1","100.00","","","","2"
"2024","Manitoba","2021A000246","Services-producing industries [T003]","Percentage share","246","units","0","v62356071","7.21","74.32","","","","2"
"2024","Manitoba","2021A000246","Mining, quarrying, and oil and gas extraction [21]","Percentage share","246","units","0","v54256038","7.3","2.34","","","","2"
"2024","Manitoba","2021A000246","Manufacturing [31-33]","Percentage share","246","units","0","v54256041","7.6","9.75","","","","2"
"2024","Saskatchewan","2021A000247","All industries [T001]","Percentage share","246","units","0","v54256055","8.1","100.00","","","","2"
"2024","Saskatchewan","2021A000247","Services-producing industries [T003]","Percentage share","246","units","0","v62356079","8.21","55.15","","","","2"
"2024","Saskatchewan","2021A000247","Mining, quarrying, and oil and gas extraction [21]","Percentage share","246","units","0","v54256057","8.3","19.90","","","","2"
"2024","Saskatchewan","2021A000247","Manufacturing [31-33]","Percentage share","246","units","0","v54256060","8.6","6.43","","","","2"
"2024","Alberta","2021A000248","All industries [T001]","Percentage share","246","units","0","v54256074","9.1","100.00","","","","2"
"2024","Alberta","2021A000248","Services-producing industries [T003]","Percentage share","246","units","0","v62356087","9.21","56.62","","","","2"
"2024","Alberta","2021A000248","Mining, quarrying, and oil and gas extraction [21]","Percentage share","246","units","0","v54256076","9.3","26.03","","","","2"
"2024","Alberta","2021A000248","Manufacturing [31-33]","Percentage share","246","units","0","v54256079","9.6","6.90","","","","2"
"2024","British Columbia","2021A000259","All industries [T001]","Percentage share","246","units","0","v54256093","10.1","100.00","","","","2"
"2024","British Columbia","2021A000259","Services-producing industries [T003]","Percentage share","246","units","0","v62356095","10.21","77.69","","","","2"
"2024","British Columbia","2021A000259","Mining, quarrying, and oil and gas extraction [21]","Percentage share","246","units","0","v54256095","10.3","4.78","","","","2"
"2024","British Columbia","2021A000259","Manufacturing [31-33]","Percentage share","246","units","0","v54256098","10.6","5.25","","","","2"
"2024","Yukon","2021A000260","All industries [T001]","Percentage share","246","units","0","v54256112","11.1","100.00","","","","2"
"2024","Yukon","2021A000260","Services-producing industries [T003]","Percentage share","246","units","0","v62356103","11.21","78.99","","","","2"
"2024","Yukon","2021A000260","Mining, quarrying, and oil and gas extraction [21]","Percentage share","246","units","0","v54256114","11.3","7.27","","","","2"
"2024","Yukon","2021A000260","Manufacturing [31-33]","Percentage share","246","units","0","v54256117","11.6","0.67","","","","2"
"2024","Northwest Territories","2021A000261","All industries [T001]","Percentage share","246","units","0","v54256131","12.1","100.00","","","","2"
"2024","Northwest Territories","2021A000261","Services-producing industries [T003]","Percentage share","246","units","0","v62356111","12.21","73.14","","","","2"
"2024","Northwest Territories","2021A000261","Mining, quarrying, and oil and gas extraction [21]","Percentage share","246","units","0","v54256133","12.3","17.30","","","","2"
"2024","Northwest Territories","2021A000261","Manufacturing [31-33]","Percentage share","246","units","0","v54256136","12.6","0.38","","","","2"
"2024","Nunavut","2021A000262","All industries [T001]","Percentage share","246","units","0","v54256150","13.1","100.00","","","","2"
"2024","Nunavut","2021A000262","Services-producing industries [T003]","Percentage share","246","units","0","v62356119","13.21","47.46","","","","2"
"2024","Nunavut","2021A000262","Mining, quarrying, and oil and gas extraction [21]","Percentage share","246","units","0","v54256152","13.3","40.93","","","","2"
"2024","Nunavut","2021A000262","Manufacturing [31-33]","Percentage share","246","units","0","v54256155","13.6","0.35","","","","2"
"2025","Newfoundland and Labrador","2021A000210","All industries [T001]","Percentage share","246","units","0","v54255922","1.1","100.00","","","","2"
"2025","Newfoundland and Labrador","2021A000210","Services-producing industries [T003]","Percentage share","246","units","0","v62356023","1.21","57.61","","","","2"
"2025","Newfoundland and Labrador","2021A000210","Mining, quarrying, and oil and gas extraction [21]","Percentage share","246","units","0","v54255924","1.3","28.72","","","","2"
"2025","Newfoundland and Labrador","2021A000210","Manufacturing [31-33]","Percentage share","246","units","0","v54255927","1.6","3.02","","","","2"
"2025","Prince Edward Island","2021A000211","All industries [T001]","Percentage share","246","units","0","v54255941","2.1","100.00","","","","2"
"2025","Prince Edward Island","2021A000211","Services-producing industries [T003]","Percentage share","246","units","0","v62356031","2.21","71.99","","","","2"
"2025","Prince Edward Island","2021A000211","Mining, quarrying, and oil and gas extraction [21]","Percentage share","246","units","0","v54255943","2.3","0.03","","","","2"
"2025","Prince Edward Island","2021A000211","Manufacturing [31-33]","Percentage share","246","units","0","v54255946","2.6","12.62","","","","2"
"2025","Nova Scotia","2021A000212","All industries [T001]","Percentage share","246","units","0","v54255960","3.1","100.00","","","","2"
"2025","Nova Scotia","2021A000212","Services-producing industries [T003]","Percentage share","246","units","0","v62356039","3.21","81.66","","","","2"
"2025","Nova Scotia","2021A000212","Mining, quarrying, and oil and gas extraction [21]","Percentage share","246","units","0","v54255962","3.3","0.38","","","","2"
"2025","Nova Scotia","2021A000212","Manufacturing [31-33]","Percentage share","246","units","0","v54255965","3.6","6.78","","","","2"
"2025","New Brunswick","2021A000213","All industries [T001]","Percentage share","246","units","0","v54255979","4.1","100.00","","","","2"
"2025","New Brunswick","2021A000213","Services-producing industries [T003]","Percentage share","246","units","0","v62356047","4.21","77.59","","","","2"
"2025","New Brunswick","2021A000213","Mining, quarrying, and oil and gas extraction [21]","Percentage share","246","units","0","v54255981","4.3","0.45","","","","2"
"2025","New Brunswick","2021A000213","Manufacturing [31-33]","Percentage share","246","units","0","v54255984","4.6","8.75","","","","2"
"2025","Quebec","2021A000224","All industries [T001]","Percentage share","246","units","0","v54255998","5.1","100.00","","","","2"
"2025","Quebec","2021A000224","Services-producing industries [T003]","Percentage share","246","units","0","v62356055","5.21","75.22","","","","2"
"2025","Quebec","2021A000224","Mining, quarrying, and oil and gas extraction [21]","Percentage share","246","units","0","v54256000","5.3","2.22","","","","2"
"2025","Quebec","2021A000224","Manufacturing [31-33]","Percentage share","246","units","0","v54256003","5.6","11.64","","","","2"
"2025","Ontario","2021A000235","All industries [T001]","Percentage share","246","units","0","v54256017","6.1","100.00","","","","2"
"2025","Ontario","2021A000235","Services-producing industries [T003]","Percentage share","246","units","0","v62356063","6.21","79.79","","","","2"
"2025","Ontario","2021A000235","Mining, quarrying, and oil and gas extraction [21]","Percentage share","246","units","0","v54256019","6.3","1.31","","","","2"
"2025","Ontario","2021A000235","Manufacturing [31-33]","Percentage share","246","units","0","v54256022","6.6","9.04","","","","2"
"2025","Manitoba","2021A000246","All industries [T001]","Percentage share","246","units","0","v54256036","7.1","100.00","","","","2"
"2025","Manitoba","2021A000246","Services-producing industries [T003]","Percentage share","246","units","0","v62356071","7.21","74.94","","","","2"
"2025","Manitoba","2021A000246","Mining, quarrying, and oil and gas extraction [21]","Percentage share","246","units","0","v54256038","7.3","2.07","","","","2"
"2025","Manitoba","2021A000246","Manufacturing [31-33]","Percentage share","246","units","0","v54256041","7.6","9.31","","","","2"
"2025","Saskatchewan","2021A000247","All industries [T001]","Percentage share","246","units","0","v54256055","8.1","100.00","","","","2"
"2025","Saskatchewan","2021A000247","Services-producing industries [T003]","Percentage share","246","units","0","v62356079","8.21","56.97","","","","2"
"2025","Saskatchewan","2021A000247","Mining, quarrying, and oil and gas extraction [21]","Percentage share","246","units","0","v54256057","8.3","17.21","","","","2"
"2025","Saskatchewan","2021A000247","Manufacturing [31-33]","Percentage share","246","units","0","v54256060","8.6","6.01","","","","2"
"2025","Alberta","2021A000248","All industries [T001]","Percentage share","246","units","0","v54256074","9.1","100.00","","","","2"
"2025","Alberta","2021A000248","Services-producing industries [T003]","Percentage share","246","units","0","v62356087","9.21","58.33","","","","2"
"2025","Alberta","2021A000248","Mining, quarrying, and oil and gas extraction [21]","Percentage share","246","units","0","v54256076","9.3","24.08","","","","2"
"2025","Alberta","2021A000248","Manufacturing [31-33]","Percentage share","246","units","0","v54256079","9.6","6.67","","","","2"
"2025","British Columbia","2021A000259","All industries [T001]","Percentage share","246","units","0","v54256093","10.1","100.00","","","","2"
"2025","British Columbia","2021A000259","Services-producing industries [T003]","Percentage share","246","units","0","v62356095","10.21","78.21","","","","2"
"2025","British Columbia","2021A000259","Mining, quarrying, and oil and gas extraction [21]","Percentage share","246","units","0","v54256095","10.3","4.44","","","","2"
"2025","British Columbia","2021A000259","Manufacturing [31-33]","Percentage share","246","units","0","v54256098","10.6","5.11","","","","2"
"2025","Yukon","2021A000260","All industries [T001]","Percentage share","246","units","0","v54256112","11.1","100.00","","","","2"
"2025","Yukon","2021A000260","Services-producing industries [T003]","Percentage share","246","units","0","v62356103","11.21","80.28","","","","2"
"2025","Yukon","2021A000260","Mining, quarrying, and oil and gas extraction [21]","Percentage share","246","units","0","v54256114","11.3","6.30","","","","2"
"2025","Yukon","2021A000260","Manufacturing [31-33]","Percentage share","246","units","0","v54256117","11.6","0.67","","","","2"
"2025","Northwest Territories","2021A000261","All industries [T001]","Percentage share","246","units","0","v54256131","12.1","100.00","","","","2"
"2025","Northwest Territories","2021A000261","Services-producing industries [T003]","Percentage share","246","units","0","v62356111","12.21","76.72","","","","2"
"2025","Northwest Territories","2021A000261","Mining, quarrying, and oil and gas extraction [21]","Percentage share","246","units","0","v54256133","12.3","13.99","","","","2"
"2025","Northwest Territories","2021A000261","Manufacturing [31-33]","Percentage share","246","units","0","v54256136","12.6","0.30","","","","2"
"2025","Nunavut","2021A000262","All industries [T001]","Percentage share","246","units","0","v54256150","13.1","100.00","","","","2"
"2025","Nunavut","2021A000262","Services-producing industries [T003]","Percentage share","246","units","0","v62356119","13.21","41.53","","","","2"
"2025","Nunavut","2021A000262","Mining, quarrying, and oil and gas extraction [21]","Percentage share","246","units","0","v54256152","13.3","46.90","","","","2"
"2025","Nunavut","2021A000262","Manufacturing [31-33]","Percentage share","246","units","0","v54256155","13.6","0.30","","","","2"
