metric,category,referenceYear,stateCode,count,denominator,sharePercent,status,isEstimate,unknownCount,percentageLower90,percentageUpper90,countLower90,countUpper90
indigenous_language,ethnicity,2020,01,2539,1352235,0.18776322162937656,value,false,673,,,,
indigenous_language,ethnicity,2020,02,49130,3610844,1.3606237212131014,value,false,6561,,,,
indigenous_language,ethnicity,2020,03,13581,758642,1.7901724397014667,value,false,1147,,,,
indigenous_language,ethnicity,2020,04,91801,878528,10.44941083266555,value,false,386,,,,
indigenous_language,ethnicity,2020,05,5527,2980244,0.18545461378330097,value,false,2081,,,,
indigenous_language,ethnicity,2020,06,5210,699821,0.7444760874566496,value,false,334,,,,
indigenous_language,ethnicity,2020,07,1459648,5181929,28.16804321325128,value,false,2046,,,,
indigenous_language,ethnicity,2020,08,110498,3570280,3.0949393324893286,value,false,3787,,,,
indigenous_language,ethnicity,2020,09,125153,8933167,1.4009925035544506,value,false,7619,,,,
indigenous_language,ethnicity,2020,10,47242,1733682,2.7249518654516804,value,false,1045,,,,
indigenous_language,ethnicity,2020,11,14048,5840957,0.2405085331051059,value,false,6107,,,,
indigenous_language,ethnicity,2020,12,515487,3328762,15.485847290974842,value,false,1395,,,,
indigenous_language,ethnicity,2020,13,362629,2944897,12.313809277540097,value,false,1301,,,,
indigenous_language,ethnicity,2020,14,66963,7912955,0.8462451764227144,value,false,8751,,,,
indigenous_language,ethnicity,2020,15,417603,16260058,2.568274971712893,value,false,24379,,,,
indigenous_language,ethnicity,2020,16,154943,4493516,3.4481461732861307,value,false,5661,,,,
indigenous_language,ethnicity,2020,17,38110,1887763,2.018791553812634,value,false,1362,,,,
indigenous_language,ethnicity,2020,18,69069,1174739,5.879518769701185,value,false,518,,,,
indigenous_language,ethnicity,2020,19,77945,5508144,1.415086461065651,value,false,13030,,,,
indigenous_language,ethnicity,2020,20,1221555,3917300,31.183595844076276,value,false,1477,,,,
indigenous_language,ethnicity,2020,21,615622,6238582,9.867979614598317,value,false,3337,,,,
indigenous_language,ethnicity,2020,22,31383,2253414,1.392686829850174,value,false,1801,,,,
indigenous_language,ethnicity,2020,23,204949,1752570,11.694197664002008,value,false,2772,,,,
indigenous_language,ethnicity,2020,24,231213,2687679,8.60270143867627,value,false,2915,,,,
indigenous_language,ethnicity,2020,25,35539,2885315,1.2317199335254556,value,false,1499,,,,
indigenous_language,ethnicity,2020,26,62808,2817821,2.2289563460560484,value,false,2470,,,,
indigenous_language,ethnicity,2020,27,91025,2283383,3.986409638680852,value,false,921,,,,
indigenous_language,ethnicity,2020,28,22651,3367123,0.6727107979126393,value,false,3193,,,,
indigenous_language,ethnicity,2020,29,27174,1258093,2.159935712224772,value,false,850,,,,
indigenous_language,ethnicity,2020,30,663503,7716363,8.59864938961529,value,false,2705,,,,
indigenous_language,ethnicity,2020,31,525092,2215931,23.696225198347783,value,false,1639,,,,
indigenous_language,ethnicity,2020,32,5005,1531847,0.3267297582591473,value,false,809,,,,
afro_identity,ethnicity,2020,01,22425,1425607,1.5730141616869164,value,false,2313,,,,
afro_identity,ethnicity,2020,02,64362,3769020,1.7076587547956763,value,false,28225,,,,
afro_identity,ethnicity,2020,03,26330,798447,3.297651566102697,value,false,4968,,,,
afro_identity,ethnicity,2020,04,19319,928363,2.0809747911108047,value,false,4838,,,,
afro_identity,ethnicity,2020,05,45976,3146771,1.4610532510945347,value,false,8721,,,,
afro_identity,ethnicity,2020,06,13574,731391,1.8559156456669552,value,false,2338,,,,
afro_identity,ethnicity,2020,07,56532,5543828,1.0197286062987525,value,false,30506,,,,
afro_identity,ethnicity,2020,08,60918,3741869,1.628009959728681,value,false,14835,,,,
afro_identity,ethnicity,2020,09,186914,9209944,2.0294803095436844,value,false,43108,,,,
afro_identity,ethnicity,2020,10,17311,1832650,0.944588437508526,value,false,4720,,,,
afro_identity,ethnicity,2020,11,108806,6166934,1.7643451348757746,value,false,20096,,,,
afro_identity,ethnicity,2020,12,303923,3540685,8.583734503351753,value,false,16399,,,,
afro_identity,ethnicity,2020,13,48693,3082841,1.579484637709178,value,false,4862,,,,
afro_identity,ethnicity,2020,14,139676,8348151,1.673136961705652,value,false,59661,,,,
afro_identity,ethnicity,2020,15,296264,16992418,1.7435070158937944,value,false,64287,,,,
afro_identity,ethnicity,2020,16,73424,4748846,1.5461440526814303,value,false,9742,,,,
afro_identity,ethnicity,2020,17,38331,1971520,1.9442359194935888,value,false,2596,,,,
afro_identity,ethnicity,2020,18,10416,1235456,0.8430895151263986,value,false,1925,,,,
afro_identity,ethnicity,2020,19,97603,5784442,1.687336479473733,value,false,31390,,,,
afro_identity,ethnicity,2020,20,194474,4132148,4.706365793287172,value,false,12129,,,,
afro_identity,ethnicity,2020,21,113945,6583278,1.7308246742732116,value,false,9667,,,,
afro_identity,ethnicity,2020,22,43436,2368467,1.8339288662244397,value,false,8781,,,,
afro_identity,ethnicity,2020,23,52265,1857985,2.8129936463426777,value,false,24346,,,,
afro_identity,ethnicity,2020,24,55337,2822255,1.9607370701796967,value,false,5835,,,,
afro_identity,ethnicity,2020,25,42196,3026943,1.3940136963266239,value,false,4391,,,,
afro_identity,ethnicity,2020,26,43510,2944840,1.4774996264652749,value,false,5757,,,,
afro_identity,ethnicity,2020,27,37553,2402598,1.563016368114849,value,false,1927,,,,
afro_identity,ethnicity,2020,28,43621,3527735,1.236515781372467,value,false,9284,,,,
afro_identity,ethnicity,2020,29,18094,1342977,1.3473052777523369,value,false,21815,,,,
afro_identity,ethnicity,2020,30,215435,8062579,2.672035833695397,value,false,8564,,,,
afro_identity,ethnicity,2020,31,69599,2320898,2.998796155625969,value,false,5713,,,,
afro_identity,ethnicity,2020,32,15951,1622138,0.9833318743534767,value,false,2849,,,,
indigenous_identity_estimate,ethnicity,2020,01,83200,1348472,6.169946428253609,value,true,421,5.433932467377493,6.998274256101386,71354.13287283429,95045.86712716571
indigenous_identity_estimate,ethnicity,2020,02,285679,3586020,7.966464213808066,value,true,10103,7.295918660681745,8.692858720522413,252337.0779045333,319020.9220954667
indigenous_identity_estimate,ethnicity,2020,03,89817,756761,11.8686084510169,value,true,2845,10.972657134780244,12.827176373192145,81685.41301743426,97948.58698256574
indigenous_identity_estimate,ethnicity,2020,04,416187,880668,47.258104075542654,value,true,16547,45.29592582319549,49.228789883111105,387088.106784457,445285.893215543
indigenous_identity_estimate,ethnicity,2020,05,63417,2974979,2.1316789126914846,value,true,11576,1.8631037247031146,2.438008652026741,54740.64373951756,72093.35626048244
indigenous_identity_estimate,ethnicity,2020,06,91921,698161,13.166160813909686,value,true,1008,12.114865435756746,14.293847139118137,83938.93484110916,99903.06515889084
indigenous_identity_estimate,ethnicity,2020,07,1906686,5182887,36.78810670578,value,true,19661,34.3987484983178,39.24414642959142,1717788.794381818,2095583.205618182
indigenous_identity_estimate,ethnicity,2020,08,372995,3558510,10.481774675355696,value,true,7537,9.762987818322717,11.246885485235685,346056.61355640367,399933.38644359633
indigenous_identity_estimate,ethnicity,2020,09,825325,8891226,9.282465657716944,value,true,28139,8.801034491304646,9.787405644874804,770466.7169583963,880183.2830416037
indigenous_identity_estimate,ethnicity,2020,10,152793,1723495,8.865299870321643,value,true,5249,8.195023492140471,9.584675002045296,139902.974469515,165683.025530485
indigenous_identity_estimate,ethnicity,2020,11,372169,5825265,6.388876729213178,value,true,26134,5.914689779261027,6.898292428535379,341945.9144729568,402392.0855270432
indigenous_identity_estimate,ethnicity,2020,12,1102334,3326321,33.13973606275522,value,true,13464,31.92165296853436,34.380826020157976,1059871.6003045058,1144796.3996954942
indigenous_identity_estimate,ethnicity,2020,13,1077386,2939604,36.65071894037428,value,true,8095,35.22504401366503,38.10015589631835,1017913.1051413432,1136858.8948586567
indigenous_identity_estimate,ethnicity,2020,14,557864,7919382,7.044287041589861,value,true,25913,6.503926064234035,7.625880686004108,508949.24857677496,606778.751423225
indigenous_identity_estimate,ethnicity,2020,15,2553429,16213422,15.748859185926326,value,true,84920,15.096706087423078,16.42373463945518,2428663.911164224,2678194.088835776
indigenous_identity_estimate,ethnicity,2020,16,929003,4476355,20.753559536721284,value,true,16117,20.090545643231774,21.432585205022654,888001.0732307003,970004.9267692997
indigenous_identity_estimate,ethnicity,2020,17,461105,1878497,24.546485834153582,value,true,6265,23.583726618145313,25.535414314743974,432179.19472664327,490030.80527335673
indigenous_identity_estimate,ethnicity,2020,18,186079,1167186,15.942531867243096,value,true,3410,14.72308203628509,17.242561450726683,169950.50482787422,202207.49517212578
indigenous_identity_estimate,ethnicity,2020,19,352790,5508078,6.4049565020684165,value,true,29224,6.057635704779889,6.770756024212514,331127.7571446367,374452.2428553633
indigenous_identity_estimate,ethnicity,2020,20,2702749,3906788,69.18084626040624,value,true,11609,68.4715756658194,69.88117952303303,2643722.510286749,2761775.489713251
indigenous_identity_estimate,ethnicity,2020,21,2067247,6222339,33.22298897568905,value,true,19721,32.058045242629426,34.40882609816025,1979900.9834625444,2154593.0165374554
indigenous_identity_estimate,ethnicity,2020,22,296372,2253500,13.151630796538717,value,true,7609,12.062930573846478,14.322584651212336,269877.0675778586,322866.9324221414
indigenous_identity_estimate,ethnicity,2020,23,586723,1765783,33.227355796267155,value,true,8204,30.172456456319587,36.4301892856747,503591.8091062874,669854.1908937126
indigenous_identity_estimate,ethnicity,2020,24,545491,2682817,20.33276962237827,value,true,11018,18.6534372202697,22.122173768453454,491524.6879020451,599457.3120979549
indigenous_identity_estimate,ethnicity,2020,25,266215,2846488,9.352401977454322,value,true,5155,8.583809094319744,10.182149246183757,237486.63837822631,294943.3616217737
indigenous_identity_estimate,ethnicity,2020,26,372543,2798802,13.310802264683247,value,true,4786,12.31821461131471,14.370263228657851,341059.8622446681,404026.1377553319
indigenous_identity_estimate,ethnicity,2020,27,486527,2278148,21.356250779141654,value,true,4921,18.4368299056567,24.59853473849539,405573.9061395629,567480.0938604372
indigenous_identity_estimate,ethnicity,2020,28,224210,3363567,6.6658401631363375,value,true,6122,6.168502400192552,7.200199025461849,204461.2083553433,243958.7916446567
indigenous_identity_estimate,ethnicity,2020,29,209908,1275470,16.45730593428305,value,true,21306,15.731805675628355,17.209431119660977,197563.4252682585,222252.5747317415
indigenous_identity_estimate,ethnicity,2020,30,2071265,7699502,26.90128530390667,value,true,22221,26.006510202977818,27.81527314673957,1979864.6683577364,2162665.3316422636
indigenous_identity_estimate,ethnicity,2020,31,1445078,2217158,65.17704196092475,value,true,5973,63.3955939545908,66.91703491510293,1388680.4771524565,1501475.5228475435
indigenous_identity_estimate,ethnicity,2020,32,74582,1527247,4.883427500594206,value,true,3999,4.523815007968399,5.270048820482122,68797.95490679536,80366.04509320464
catholic,religion,2020,01,1272419,1425607,89.25454210031236,value,false,3490,,,,
catholic,religion,2020,02,2336986,3769020,62.005136613761664,value,false,20367,,,,
catholic,religion,2020,03,587796,798447,73.61740979676797,value,false,5375,,,,
catholic,religion,2020,04,558124,928363,60.11915597670308,value,false,5302,,,,
catholic,religion,2020,05,2357324,3146771,74.91247377073196,value,false,10144,,,,
catholic,religion,2020,06,610645,731391,83.49090978696758,value,false,2796,,,,
catholic,religion,2020,07,2985644,5543828,53.855278338361146,value,false,33432,,,,
catholic,religion,2020,08,2712366,3741869,72.48693099624813,value,false,17265,,,,
catholic,religion,2020,09,6988016,9209944,75.87468501437142,value,false,25589,,,,
catholic,religion,2020,10,1521197,1832650,83.0053201647887,value,false,6095,,,,
catholic,religion,2020,11,5601990,6166934,90.8391430814729,value,false,20236,,,,
catholic,religion,2020,12,2845506,3540685,80.36597438066363,value,false,18129,,,,
catholic,religion,2020,13,2475984,3082841,80.31500813697495,value,false,6543,,,,
catholic,religion,2020,14,7448776,8348151,89.22665629790357,value,false,64273,,,,
catholic,religion,2020,15,13363922,16992418,78.64638216880023,value,false,58374,,,,
catholic,religion,2020,16,4221742,4748846,88.9003770600268,value,false,12010,,,,
catholic,religion,2020,17,1399556,1971520,70.98867878591138,value,false,3460,,,,
catholic,religion,2020,18,1028909,1235456,83.28171946228761,value,false,2893,,,,
catholic,religion,2020,19,4492947,5784442,77.67295445265074,value,false,34720,,,,
catholic,religion,2020,20,3118763,4132148,75.47558799926817,value,false,13585,,,,
catholic,religion,2020,21,5547167,6583278,84.26147277997374,value,false,12018,,,,
catholic,religion,2020,22,2025357,2368467,85.51341437309449,value,false,10238,,,,
catholic,religion,2020,23,1016131,1857985,54.68994636662836,value,false,26046,,,,
catholic,religion,2020,24,2416597,2822255,85.62645827538617,value,false,6336,,,,
catholic,religion,2020,25,2372823,3026943,78.39007870316686,value,false,5997,,,,
catholic,religion,2020,26,2252402,2944840,76.48639654446421,value,false,7557,,,,
catholic,religion,2020,27,1493962,2402598,62.1811056198332,value,false,4284,,,,
catholic,religion,2020,28,2394619,3527735,67.8797868887544,value,false,11972,,,,
catholic,religion,2020,29,1142076,1342977,85.0406224380611,value,false,22469,,,,
catholic,religion,2020,30,6053044,8062579,75.07577910244352,value,false,10071,,,,
catholic,religion,2020,31,1724057,2320898,74.28404867426315,value,false,7317,,,,
catholic,religion,2020,32,1497371,1622138,92.30848423500343,value,false,3431,,,,
protestant_evangelical,religion,2020,01,73359,1425607,5.145808066318417,value,false,3490,,,,
protestant_evangelical,religion,2020,02,616812,3769020,16.365315121702725,value,false,20367,,,,
protestant_evangelical,religion,2020,03,88010,798447,11.022647714876504,value,false,5375,,,,
protestant_evangelical,religion,2020,04,226028,928363,24.346941875107042,value,false,5302,,,,
protestant_evangelical,religion,2020,05,421206,3146771,13.385340083533247,value,false,10144,,,,
protestant_evangelical,religion,2020,06,57884,731391,7.914234656975544,value,false,2796,,,,
protestant_evangelical,religion,2020,07,1795861,5543828,32.39388018531599,value,false,33432,,,,
protestant_evangelical,religion,2020,08,475603,3741869,12.71030599948849,value,false,17265,,,,
protestant_evangelical,religion,2020,09,668246,9209944,7.25570101186283,value,false,25589,,,,
protestant_evangelical,religion,2020,10,168665,1832650,9.20333942651352,value,false,6095,,,,
protestant_evangelical,religion,2020,11,255840,6166934,4.148576910341508,value,false,20236,,,,
protestant_evangelical,religion,2020,12,358158,3540685,10.115500249245555,value,false,18129,,,,
protestant_evangelical,religion,2020,13,301786,3082841,9.789217153917441,value,false,6543,,,,
protestant_evangelical,religion,2020,14,396295,8348151,4.747099088169344,value,false,64273,,,,
protestant_evangelical,religion,2020,15,1344725,16992418,7.913676558568651,value,false,58374,,,,
protestant_evangelical,religion,2020,16,248750,4748846,5.238114691442932,value,false,12010,,,,
protestant_evangelical,religion,2020,17,282384,1971520,14.32316182437916,value,false,3460,,,,
protestant_evangelical,religion,2020,18,98696,1235456,7.9886292996270205,value,false,2893,,,,
protestant_evangelical,religion,2020,19,690097,5784442,11.930225940548803,value,false,34720,,,,
protestant_evangelical,religion,2020,20,653533,4132148,15.81581782646701,value,false,13585,,,,
protestant_evangelical,religion,2020,21,555536,6583278,8.438592445890938,value,false,12018,,,,
protestant_evangelical,religion,2020,22,131596,2368467,5.556167765900897,value,false,10238,,,,
protestant_evangelical,religion,2020,23,384207,1857985,20.67869223917308,value,false,26046,,,,
protestant_evangelical,religion,2020,24,227847,2822255,8.07322513380258,value,false,6336,,,,
protestant_evangelical,religion,2020,25,260384,3026943,8.602210216710391,value,false,5997,,,,
protestant_evangelical,religion,2020,26,329449,2944840,11.187331060431127,value,false,7557,,,,
protestant_evangelical,religion,2020,27,648724,2402598,27.00093815111808,value,false,4284,,,,
protestant_evangelical,religion,2020,28,615505,3527735,17.447597396062914,value,false,11972,,,,
protestant_evangelical,religion,2020,29,84419,1342977,6.285960221210043,value,false,22469,,,,
protestant_evangelical,religion,2020,30,1191127,8062579,14.773523459429049,value,false,10071,,,,
protestant_evangelical,religion,2020,31,370398,2320898,15.959253702661643,value,false,7317,,,,
protestant_evangelical,religion,2020,32,74177,1622138,4.572792203869215,value,false,3431,,,,
no_religion,religion,2020,01,63205,1425607,4.433550059728944,value,false,3490,,,,
no_religion,religion,2020,02,714650,3769020,18.961162318056154,value,false,20367,,,,
no_religion,religion,2020,03,97519,798447,12.213584621145799,value,false,5375,,,,
no_religion,religion,2020,04,131943,928363,14.212436299163151,value,false,5302,,,,
no_religion,religion,2020,05,342245,3146771,10.876069469306792,value,false,10144,,,,
no_religion,religion,2020,06,53401,731391,7.301293015637326,value,false,2796,,,,
no_religion,religion,2020,07,695496,5543828,12.545410860510103,value,false,33432,,,,
no_religion,religion,2020,08,505891,3741869,13.519741070571952,value,false,17265,,,,
no_religion,religion,2020,09,1010417,9209944,10.97093532816269,value,false,25589,,,,
no_religion,religion,2020,10,124909,1832650,6.815758600933075,value,false,6095,,,,
no_religion,religion,2020,11,208991,6166934,3.3888963300077477,value,false,20236,,,,
no_religion,religion,2020,12,156224,3540685,4.412253561104701,value,false,18129,,,,
no_religion,religion,2020,13,141682,3082841,4.595825733471171,value,false,6543,,,,
no_religion,religion,2020,14,384118,8348151,4.601234452994442,value,false,64273,,,,
no_religion,religion,2020,15,1142086,16992418,6.721150574332623,value,false,58374,,,,
no_religion,religion,2020,16,183880,4748846,3.872098610904628,value,false,12010,,,,
no_religion,religion,2020,17,165736,1971520,8.40650868365525,value,false,3460,,,,
no_religion,religion,2020,18,93265,1235456,7.549034526523,value,false,2893,,,,
no_religion,religion,2020,19,520941,5784442,9.005898926810918,value,false,34720,,,,
no_religion,religion,2020,20,252527,4132148,6.111276750009922,value,false,13585,,,,
no_religion,religion,2020,21,233982,6583278,3.554186835190615,value,false,12018,,,,
no_religion,religion,2020,22,149220,2368467,6.300277774611173,value,false,10238,,,,
no_religion,religion,2020,23,407417,1857985,21.92789500453448,value,false,26046,,,,
no_religion,religion,2020,24,125379,2822255,4.442511396029062,value,false,6336,,,,
no_religion,religion,2020,25,374252,3026943,12.364025354953826,value,false,5997,,,,
no_religion,religion,2020,26,338215,2944840,11.485004278670488,value,false,7557,,,,
no_religion,religion,2020,27,244552,2402598,10.17864827990367,value,false,4284,,,,
no_religion,religion,2020,28,437794,3527735,12.410059145599089,value,false,11972,,,,
no_religion,religion,2020,29,32854,1342977,2.4463561177890614,value,false,22469,,,,
no_religion,religion,2020,30,640829,8062579,7.94818878673933,value,false,10071,,,,
no_religion,religion,2020,31,199018,2320898,8.575042935967026,value,false,7317,,,,
no_religion,religion,2020,32,38414,1622138,2.368109248411664,value,false,3431,,,,
unaffiliated_believer,religion,2020,01,11234,1425607,0.7880152103630244,value,false,3490,,,,
unaffiliated_believer,religion,2020,02,74527,3769020,1.9773575093790958,value,false,20367,,,,
unaffiliated_believer,religion,2020,03,18622,798447,2.3322775337624164,value,false,5375,,,,
unaffiliated_believer,religion,2020,04,5941,928363,0.6399436427345769,value,false,5302,,,,
unaffiliated_believer,religion,2020,05,13553,3146771,0.4306954652880683,value,false,10144,,,,
unaffiliated_believer,religion,2020,06,5853,731391,0.8002559506474649,value,false,2796,,,,
unaffiliated_believer,religion,2020,07,17966,5543828,0.3240721032470704,value,false,33432,,,,
unaffiliated_believer,religion,2020,08,27438,3741869,0.7332699247354731,value,false,17265,,,,
unaffiliated_believer,religion,2020,09,462431,9209944,5.020996870339276,value,false,25589,,,,
unaffiliated_believer,religion,2020,10,10216,1832650,0.5574441382697187,value,false,6095,,,,
unaffiliated_believer,religion,2020,11,74634,6166934,1.2102286160351319,value,false,20236,,,,
unaffiliated_believer,religion,2020,12,159788,3540685,4.512912049504545,value,false,18129,,,,
unaffiliated_believer,religion,2020,13,150061,3082841,4.867620483832932,value,false,6543,,,,
unaffiliated_believer,religion,2020,14,33125,8348151,0.39679445184927775,value,false,64273,,,,
unaffiliated_believer,religion,2020,15,1021824,16992418,6.013411393246094,value,false,58374,,,,
unaffiliated_believer,religion,2020,16,79040,4748846,1.6644043626598968,value,false,12010,,,,
unaffiliated_believer,religion,2020,17,116682,1971520,5.91837769842558,value,false,3460,,,,
unaffiliated_believer,religion,2020,18,7831,1235456,0.6338550300455864,value,false,2893,,,,
unaffiliated_believer,religion,2020,19,40643,5784442,0.7026261132880233,value,false,34720,,,,
unaffiliated_believer,religion,2020,20,90500,4132148,2.1901442058706513,value,false,13585,,,,
unaffiliated_believer,religion,2020,21,224057,6583278,3.403426074365992,value,false,12018,,,,
unaffiliated_believer,religion,2020,22,48104,2368467,2.031018376021283,value,false,10238,,,,
unaffiliated_believer,religion,2020,23,19692,1857985,1.0598578567641828,value,false,26046,,,,
unaffiliated_believer,religion,2020,24,43578,2822255,1.5440844289406874,value,false,6336,,,,
unaffiliated_believer,religion,2020,25,11659,3026943,0.3851740848770525,value,false,5997,,,,
unaffiliated_believer,religion,2020,26,15648,2944840,0.5313701253718368,value,false,7557,,,,
unaffiliated_believer,religion,2020,27,10041,2402598,0.41792259878681326,value,false,4284,,,,
unaffiliated_believer,religion,2020,28,65273,3527735,1.8502807041912162,value,false,11972,,,,
unaffiliated_believer,religion,2020,29,59460,1342977,4.427477164538186,value,false,22469,,,,
unaffiliated_believer,religion,2020,30,159596,8062579,1.9794658756211878,value,false,10071,,,,
unaffiliated_believer,religion,2020,31,16396,2320898,0.7064506927921864,value,false,7317,,,,
unaffiliated_believer,religion,2020,32,8051,1622138,0.49632028840949416,value,false,3431,,,,
jewish,religion,2020,01,259,1425607,0.018167699793842203,value,false,3490,,,,
jewish,religion,2020,02,1319,3769020,0.03499583446094741,value,false,20367,,,,
jewish,religion,2020,03,296,798447,0.03707196595390803,value,false,5375,,,,
jewish,religion,2020,04,117,928363,0.012602828850352717,value,false,5302,,,,
jewish,religion,2020,05,453,3146771,0.014395709125322434,value,false,10144,,,,
jewish,religion,2020,06,134,731391,0.018321253611269486,value,false,2796,,,,
jewish,religion,2020,07,477,5543828,0.008604163044019402,value,false,33432,,,,
jewish,religion,2020,08,692,3741869,0.018493432025546593,value,false,17265,,,,
jewish,religion,2020,09,17981,9209944,0.19523462900534466,value,false,25589,,,,
jewish,religion,2020,10,169,1832650,0.009221618967069543,value,false,6095,,,,
jewish,religion,2020,11,788,6166934,0.01277782444242147,value,false,20236,,,,
jewish,religion,2020,12,324,3540685,0.009150771672713049,value,false,18129,,,,
jewish,religion,2020,13,981,3082841,0.031821297303364006,value,false,6543,,,,
jewish,religion,2020,14,1654,8348151,0.01981277051648922,value,false,64273,,,,
jewish,religion,2020,15,21685,16992418,0.12761574014951846,value,false,58374,,,,
jewish,religion,2020,16,713,4748846,0.015014173969844464,value,false,12010,,,,
jewish,religion,2020,17,951,1971520,0.048236893361467297,value,false,3460,,,,
jewish,religion,2020,18,298,1235456,0.02412064857024451,value,false,2893,,,,
jewish,religion,2020,19,1189,5784442,0.02055513738403808,value,false,34720,,,,
jewish,religion,2020,20,846,4132148,0.020473613239409626,value,false,13585,,,,
jewish,religion,2020,21,2079,6583278,0.03158001226744488,value,false,12018,,,,
jewish,religion,2020,22,566,2368467,0.02389731416988288,value,false,10238,,,,
jewish,religion,2020,23,896,1857985,0.048224285987238866,value,false,26046,,,,
jewish,religion,2020,24,264,2822255,0.009354222067105913,value,false,6336,,,,
jewish,religion,2020,25,201,3026943,0.006640362900788023,value,false,5997,,,,
jewish,religion,2020,26,250,2944840,0.008489425571508129,value,false,7557,,,,
jewish,religion,2020,27,174,2402598,0.007242160361408775,value,false,4284,,,,
jewish,religion,2020,28,611,3527735,0.017319895060144825,value,false,11972,,,,
jewish,religion,2020,29,399,1342977,0.02971011417172446,value,false,22469,,,,
jewish,religion,2020,30,1666,8062579,0.02066336342254755,value,false,10071,,,,
jewish,religion,2020,31,353,2320898,0.015209630065603916,value,false,7317,,,,
jewish,religion,2020,32,91,1622138,0.005609880293785115,value,false,3431,,,,
islamic,religion,2020,01,110,1425607,0.007716011495454217,value,false,3490,,,,
islamic,religion,2020,02,404,3769020,0.010718966734058191,value,false,20367,,,,
islamic,religion,2020,03,49,798447,0.00613691328291045,value,false,5375,,,,
islamic,religion,2020,04,40,928363,0.004308659436018023,value,false,5302,,,,
islamic,religion,2020,05,157,3146771,0.004989241352484817,value,false,10144,,,,
islamic,religion,2020,06,52,731391,0.007109740207358307,value,false,2796,,,,
islamic,religion,2020,07,365,5543828,0.006583898346052583,value,false,33432,,,,
islamic,religion,2020,08,278,3741869,0.0074294423455230525,value,false,17265,,,,
islamic,religion,2020,09,1636,9209944,0.01776340876774061,value,false,25589,,,,
islamic,religion,2020,10,68,1832650,0.003710473903909639,value,false,6095,,,,
islamic,religion,2020,11,239,6166934,0.003875507667181131,value,false,20236,,,,
islamic,religion,2020,12,62,3540685,0.001751073591692003,value,false,18129,,,,
islamic,religion,2020,13,182,3082841,0.005903645371266309,value,false,6543,,,,
islamic,religion,2020,14,698,8348151,0.00836113290236365,value,false,64273,,,,
islamic,religion,2020,15,1101,16992418,0.006479360382966097,value,false,58374,,,,
islamic,religion,2020,16,117,4748846,0.0024637564578847155,value,false,12010,,,,
islamic,religion,2020,17,132,1971520,0.0066953416653140726,value,false,3460,,,,
islamic,religion,2020,18,56,1235456,0.004532739328636552,value,false,2893,,,,
islamic,religion,2020,19,395,5784442,0.006828662125058908,value,false,34720,,,,
islamic,religion,2020,20,68,4132148,0.001645633215460821,value,false,13585,,,,
islamic,religion,2020,21,346,6583278,0.005255740377362159,value,false,12018,,,,
islamic,religion,2020,22,251,2368467,0.01059757218487739,value,false,10238,,,,
islamic,religion,2020,23,233,1857985,0.01254046722659225,value,false,26046,,,,
islamic,religion,2020,24,92,2822255,0.0032598046597490304,value,false,6336,,,,
islamic,religion,2020,25,77,3026943,0.002543820613734715,value,false,5997,,,,
islamic,religion,2020,26,160,2944840,0.0054332323657652025,value,false,7557,,,,
islamic,religion,2020,27,25,2402598,0.0010405402818116057,value,false,4284,,,,
islamic,religion,2020,28,127,3527735,0.0036000436540726557,value,false,11972,,,,
islamic,religion,2020,29,54,1342977,0.0040209177074514305,value,false,22469,,,,
islamic,religion,2020,30,215,8062579,0.0026666405377237233,value,false,10071,,,,
islamic,religion,2020,31,155,2320898,0.0066784494622340144,value,false,7317,,,,
islamic,religion,2020,32,38,1622138,0.0023425873754267515,value,false,3431,,,,
other_religions_combined,religion,2020,01,1531,1425607,0.10739285090491278,value,false,3490,,,,
other_religions_combined,religion,2020,02,3955,3769020,0.10493443919108945,value,false,20367,,,,
other_religions_combined,religion,2020,03,780,798447,0.09768964001367655,value,false,5375,,,,
other_religions_combined,religion,2020,04,868,928363,0.0934979097615911,value,false,5302,,,,
other_religions_combined,religion,2020,05,1689,3146771,0.05367406779838762,value,false,10144,,,,
other_religions_combined,religion,2020,06,626,731391,0.08559033403473655,value,false,2796,,,,
other_religions_combined,religion,2020,07,14587,5543828,0.2631214388325179,value,false,33432,,,,
other_religions_combined,religion,2020,08,2336,3741869,0.062428695392596587,value,false,17265,,,,
other_religions_combined,religion,2020,09,35628,9209944,0.3868427430177643,value,false,25589,,,,
other_religions_combined,religion,2020,10,1331,1832650,0.07262707008976073,value,false,6095,,,,
other_religions_combined,religion,2020,11,4216,6166934,0.06836460386960522,value,false,20236,,,,
other_religions_combined,religion,2020,12,2494,3540685,0.07043834738193315,value,false,18129,,,,
other_religions_combined,religion,2020,13,5622,3082841,0.1823642542706549,value,false,6543,,,,
other_religions_combined,religion,2020,14,19212,8348151,0.2301347927223645,value,false,64273,,,,
other_religions_combined,religion,2020,15,38701,16992418,0.22775451969225333,value,false,58374,,,,
other_religions_combined,religion,2020,16,2594,4748846,0.054623797023529506,value,false,12010,,,,
other_religions_combined,religion,2020,17,2619,1971520,0.1328416653140724,value,false,3460,,,,
other_religions_combined,religion,2020,18,3508,1235456,0.28394374222958974,value,false,2893,,,,
other_religions_combined,religion,2020,19,3510,5784442,0.06068001027583992,value,false,34720,,,,
other_religions_combined,religion,2020,20,2326,4132148,0.05629033616414514,value,false,13585,,,,
other_religions_combined,religion,2020,21,8093,6583278,0.12293267882656633,value,false,12018,,,,
other_religions_combined,religion,2020,22,3135,2368467,0.1323640988031499,value,false,10238,,,,
other_religions_combined,religion,2020,23,3363,1857985,0.18100253769540658,value,false,26046,,,,
other_religions_combined,religion,2020,24,2162,2822255,0.07660540950410222,value,false,6336,,,,
other_religions_combined,religion,2020,25,1550,3026943,0.05120677858816634,value,false,5997,,,,
other_religions_combined,religion,2020,26,1159,2944840,0.039356976949511686,value,false,7557,,,,
other_religions_combined,religion,2020,27,836,2402598,0.03479566702378009,value,false,4284,,,,
other_religions_combined,religion,2020,28,1834,3527735,0.05198803198086024,value,false,11972,,,,
other_religions_combined,religion,2020,29,1246,1342977,0.09277895302749042,value,false,22469,,,,
other_religions_combined,religion,2020,30,6031,8062579,0.07480236782796175,value,false,10071,,,,
other_religions_combined,religion,2020,31,3204,2320898,0.13805001339998568,value,false,7317,,,,
other_religions_combined,religion,2020,32,565,1622138,0.03483057545042407,value,false,3431,,,,
religion_unspecified,religion,2020,01,3490,1425607,0.24480800108304743,value,false,3490,,,,
religion_unspecified,religion,2020,02,20367,3769020,0.5403791967142653,value,false,20367,,,,
religion_unspecified,religion,2020,03,5375,798447,0.6731818141968096,value,false,5375,,,,
religion_unspecified,religion,2020,04,5302,928363,0.571112808244189,value,false,5302,,,,
religion_unspecified,religion,2020,05,10144,3146771,0.32236219286373236,value,false,10144,,,,
religion_unspecified,religion,2020,06,2796,731391,0.38228526191872747,value,false,2796,,,,
religion_unspecified,religion,2020,07,33432,5543828,0.6030490123430958,value,false,33432,,,,
religion_unspecified,religion,2020,08,17265,3741869,0.461400439192286,value,false,17265,,,,
religion_unspecified,religion,2020,09,25589,9209944,0.27784099447293054,value,false,25589,,,,
religion_unspecified,religion,2020,10,6095,1832650,0.3325785065342537,value,false,6095,,,,
religion_unspecified,religion,2020,11,20236,6166934,0.3281371261635036,value,false,20236,,,,
religion_unspecified,religion,2020,12,18129,3540685,0.5120195668352311,value,false,18129,,,,
religion_unspecified,religion,2020,13,6543,3082841,0.21223929485821683,value,false,6543,,,,
religion_unspecified,religion,2020,14,64273,8348151,0.7699070129421474,value,false,64273,,,,
religion_unspecified,religion,2020,15,58374,16992418,0.34352968482766844,value,false,58374,,,,
religion_unspecified,religion,2020,16,12010,4748846,0.2529035475144909,value,false,12010,,,,
religion_unspecified,religion,2020,17,3460,1971520,0.17549910728777796,value,false,3460,,,,
religion_unspecified,religion,2020,18,2893,1235456,0.2341645513883133,value,false,2893,,,,
religion_unspecified,religion,2020,19,34720,5784442,0.6002307569165704,value,false,34720,,,,
religion_unspecified,religion,2020,20,13585,4132148,0.32876363576522427,value,false,13585,,,,
religion_unspecified,religion,2020,21,12018,6583278,0.1825534331073365,value,false,12018,,,,
religion_unspecified,religion,2020,22,10238,2368467,0.43226272521424197,value,false,10238,,,,
religion_unspecified,religion,2020,23,26046,1857985,1.4018412419906512,value,false,26046,,,,
religion_unspecified,religion,2020,24,6336,2822255,0.22450132961054192,value,false,6336,,,,
religion_unspecified,religion,2020,25,5997,3026943,0.19812067818918294,value,false,5997,,,,
religion_unspecified,religion,2020,26,7557,2944840,0.25661835617554773,value,false,7557,,,,
religion_unspecified,religion,2020,27,4284,2402598,0.17830698269123674,value,false,4284,,,,
religion_unspecified,religion,2020,28,11972,3527735,0.33936789469730577,value,false,11972,,,,
religion_unspecified,religion,2020,29,22469,1342977,1.6730740734949296,value,false,22469,,,,
religion_unspecified,religion,2020,30,10071,8062579,0.1249104039786773,value,false,10071,,,,
religion_unspecified,religion,2020,31,7317,2320898,0.31526590138816957,value,false,7317,,,,
religion_unspecified,religion,2020,32,3431,1622138,0.2115109811865575,value,false,3431,,,,
