code,name,nameJa,agriculturalAreaHa,irrigatedAreaHa,rainfedAreaHa,maizeWhiteProductionT,maizeWhiteIrrigatedProductionT,maizeWhiteRainfedProductionT,pineObtainedM3,irrigationSharePct,status
00,Estados Unidos Mexicanos,メキシコ全国,25703081.3591,6683986.2835,19019095.0756,21926226.0479,12764973.2152,9161252.8327,7528399.0691,26.0046108484716,valid
01,Aguascalientes,アグアスカリエンテス,131373.3242,51336.9917,80036.3325,95182.9957,39374.3862,55808.6095,0.0,39.07718101267319,valid
02,Baja California,バハ・カリフォルニア,269983.0819,229335.3766,40647.7053,15065.3798,15047.2663,18.1135,2600.0,84.94435095194015,valid
03,Baja California Sur,バハ・カリフォルニア・スル,139064.9751,138640.9751,424.0,31233.9345,31197.9345,36.0,0.0,99.695106550233,valid
04,Campeche,カンペチェ,420215.9819,30696.26,389519.7219,287323.0593,32623.0389,254700.0204,0.0,7.304876854327942,valid
05,Coahuila De Zaragoza,コアウイラ,579933.3928,241077.9105,338855.4823,17321.5862,13106.1684,4215.4178,0.0,41.569930873620144,valid
06,Colima,コリマ,144451.3322,76154.795,68296.5372,23491.4652,9529.4148,13962.0504,974.0,52.72003645806459,valid
07,Chiapas,チアパス,1649917.0892,73795.6856,1576121.4036,1026287.3321,37883.3659,988403.9662,30387.791,4.472690542030904,valid
08,Chihuahua,チワワ,1506293.2727,788477.7484,717815.5243,238542.9093,175869.1713,62673.738,1800391.2751,52.34556660979237,valid
09,Ciudad De México,メキシコ市,17142.5247,1259.6986,15882.8261,3305.2597,231.3253,3073.9344,0.0,7.348384336876585,valid
10,Durango,ドゥランゴ,943023.8005,196379.9119,746643.8886,275917.6218,179027.8301,96889.7917,4173803.736,20.82449157655168,valid
11,Guanajuato,グアナフアト,975123.9595,352186.2655,622937.694,2096657.3266,1652375.8196,444281.507,160.6858,36.11707640540238,valid
12,Guerrero,ゲレロ,1183959.1516,97463.4607,1086495.6909,1061881.8314,37745.2429,1024136.5885,103533.275,8.231995214386245,valid
13,Hidalgo,イダルゴ,534453.5823,117671.7325,416781.8498,520390.7065,421881.5216,98509.1849,46786.545,22.017203438623113,valid
14,Jalisco,ハリスコ,1705205.2439,324658.002,1380547.2419,2791090.2903,269048.4056,2522041.8847,114412.243,19.039233145769003,valid
15,México,メヒコ,688243.4369,107291.9111,580951.5258,700710.9612,156089.7386,544621.2226,113254.7204,15.589238537931635,valid
16,Michoacán De Ocampo,ミチョアカン,1287911.5686,505428.3046,782483.264,1846921.1595,1001765.5975,845155.562,268149.3671,39.244022409816246,valid
17,Morelos,モレロス,175095.9172,56522.4687,118573.4485,191690.5402,22962.7486,168727.7916,0.0,32.28086045857842,valid
18,Nayarit,ナヤリット,503475.1632,131896.5443,371578.6189,223369.0912,114850.1133,108518.9779,46835.7,26.197229563756164,valid
19,Nuevo León,ヌエボ・レオン,611327.0872,99647.7108,511679.3764,20294.3845,12986.1296,7308.2549,16930.0,16.300228288003137,valid
20,Oaxaca,オアハカ,1112426.9434,79526.6559,1032900.2875,324337.2654,29204.5402,295132.7252,297406.8204,7.14893291391669,valid
21,Puebla,プエブラ,1039586.4648,161939.1961,877647.2687,512145.9157,183645.3851,328500.5306,305692.0044,15.577270538161011,valid
22,Querétaro,ケレタロ,159071.8167,53872.0225,105199.7942,155782.9071,130052.9981,25729.909,6776.9875,33.866478435711485,valid
23,Quintana Roo,キンタナ・ロー,207442.0352,6005.5461,201436.4891,18742.6065,1470.7814,17271.8251,0.0,2.8950478114090537,valid
24,San Luis Potosí,サン・ルイス・ポトシ,826905.7508,130742.3689,696163.3819,100284.22,34485.8429,65798.3771,10686.0,15.811036357349275,valid
25,Sinaloa,シナロア,1351368.1114,930445.315,420922.7964,7451358.0778,7409589.3512,41768.7266,28773.2914,68.85209937624401,valid
26,Sonora,ソノラ,814669.7232,690287.5042,124382.219,175458.1829,173649.2612,1808.9217,19187.987,84.73219079365929,valid
27,Tabasco,タバスコ,468123.9492,8736.0406,459387.9086,66699.6279,748.1985,65951.4294,0.0,1.8661810862121986,valid
28,Tamaulipas,タマウリパス,1600040.8788,525679.5881,1074361.2907,348691.7883,268701.7635,79990.0248,7367.43,32.85413485774499,valid
29,Tlaxcala,トラスカラ,234038.2213,16406.4874,217631.7339,208528.3677,23310.5009,185217.8668,17272.394,7.010174367617278,valid
30,Veracruz De Ignacio De La Llave,ベラクルス,2551211.7199,174446.7871,2376764.9328,589693.6218,14924.3043,574769.3175,108461.816,6.837801258879361,valid
31,Yucatán,ユカタン,402564.3804,75379.473,327184.9074,47522.5312,26643.0157,20879.5155,0.0,18.72482431880851,valid
32,Zacatecas,サカテカス,1469437.4784,210597.545,1258839.9334,460303.1006,244952.0532,215351.0474,8555.0,14.331847941520422,valid
