"REF_DATE","GEO","DGUID","Prices","North American Industry Classification System (NAICS)","UOM","UOM_ID","SCALAR_FACTOR","SCALAR_ID","VECTOR","COORDINATE","VALUE","STATUS","SYMBOL","TERMINATED","DECIMALS"
"2021","Newfoundland and Labrador","2016A000210","Current dollars","Petroleum and coal product manufacturing [324]","Dollars","81","millions","6","v62460638","1.1.85","0.0","","","","1"
"2021","Prince Edward Island","2016A000211","Current dollars","Petroleum and coal product manufacturing [324]","Dollars","81","millions","6","v62460943","2.1.85","3.3","","","","1"
"2021","Nova Scotia","2016A000212","Current dollars","Petroleum and coal product manufacturing [324]","Dollars","81","millions","6","v62461248","3.1.85","16.0","","","","1"
"2021","New Brunswick","2016A000213","Current dollars","Petroleum and coal product manufacturing [324]","Dollars","81","millions","6","v62461553","4.1.85","384.2","","","","1"
"2021","Quebec","2016A000224","Current dollars","Petroleum and coal product manufacturing [324]","Dollars","81","millions","6","v62461858","5.1.85","1695.5","","","","1"
"2021","Ontario","2016A000235","Current dollars","Petroleum and coal product manufacturing [324]","Dollars","81","millions","6","v62462163","6.1.85","3785.4","","","","1"
"2021","Manitoba","2016A000246","Current dollars","Petroleum and coal product manufacturing [324]","Dollars","81","millions","6","v62462468","7.1.85","14.6","","","","1"
"2021","Saskatchewan","2016A000247","Current dollars","Petroleum and coal product manufacturing [324]","Dollars","81","millions","6","v62462773","8.1.85","1252.5","","","","1"
"2021","Alberta","2016A000248","Current dollars","Petroleum and coal product manufacturing [324]","Dollars","81","millions","6","v62463078","9.1.85","4915.8","","","","1"
"2021","British Columbia","2016A000259","Current dollars","Petroleum and coal product manufacturing [324]","Dollars","81","millions","6","v62463383","10.1.85","1189.2","","","","1"
"2021","Yukon","2016A000260","Current dollars","Petroleum and coal product manufacturing [324]","Dollars","81","millions","6","v62463688","11.1.85","0.0","","","","1"
"2021","Northwest Territories","2016A000261","Current dollars","Petroleum and coal product manufacturing [324]","Dollars","81","millions","6","v62463993","12.1.85","0.0","","","","1"
"2021","Nunavut","2016A000262","Current dollars","Petroleum and coal product manufacturing [324]","Dollars","81","millions","6","v62464298","13.1.85","0.0","","","","1"
"2021","Newfoundland and Labrador","2016A000210","Current dollars","Transportation and warehousing [48-49]","Dollars","81","millions","6","v62460738","1.1.185","964.0","","","","1"
"2021","Prince Edward Island","2016A000211","Current dollars","Transportation and warehousing [48-49]","Dollars","81","millions","6","v62461043","2.1.185","204.0","","","","1"
"2021","Nova Scotia","2016A000212","Current dollars","Transportation and warehousing [48-49]","Dollars","81","millions","6","v62461348","3.1.185","1413.0","","","","1"
"2021","New Brunswick","2016A000213","Current dollars","Transportation and warehousing [48-49]","Dollars","81","millions","6","v62461653","4.1.185","1689.4","","","","1"
"2021","Quebec","2016A000224","Current dollars","Transportation and warehousing [48-49]","Dollars","81","millions","6","v62461958","5.1.185","19217.1","","","","1"
"2021","Ontario","2016A000235","Current dollars","Transportation and warehousing [48-49]","Dollars","81","millions","6","v62462263","6.1.185","34647.5","","","","1"
"2021","Manitoba","2016A000246","Current dollars","Transportation and warehousing [48-49]","Dollars","81","millions","6","v62462568","7.1.185","4643.8","","","","1"
"2021","Saskatchewan","2016A000247","Current dollars","Transportation and warehousing [48-49]","Dollars","81","millions","6","v62462873","8.1.185","3973.6","","","","1"
"2021","Alberta","2016A000248","Current dollars","Transportation and warehousing [48-49]","Dollars","81","millions","6","v62463178","9.1.185","19181.0","","","","1"
"2021","British Columbia","2016A000259","Current dollars","Transportation and warehousing [48-49]","Dollars","81","millions","6","v62463483","10.1.185","16684.3","","","","1"
"2021","Yukon","2016A000260","Current dollars","Transportation and warehousing [48-49]","Dollars","81","millions","6","v62463788","11.1.185","89.1","","","","1"
"2021","Northwest Territories","2016A000261","Current dollars","Transportation and warehousing [48-49]","Dollars","81","millions","6","v62464093","12.1.185","234.1","","","","1"
"2021","Nunavut","2016A000262","Current dollars","Transportation and warehousing [48-49]","Dollars","81","millions","6","v62464398","13.1.185","66.2","","","","1"
