"table","DGUID","name","population2016","symbol2016","population2021","symbol2021","changePercent2016to2021","changeSymbol","landAreaKm2_2021","areaSymbol","densityPersonsPerKm2_2021","densitySymbol","geographicNoteIds"
"98-10-0003-01","2021S0503535","Toronto","5928040","","6202225","","4.6","","5902.75","","1050.7","",""
"98-10-0003-01","2021S0503462","Montréal","4104074","r","4291732","","4.6","","4670.1","","919","","2"
"98-10-0003-01","2021S0503933","Vancouver","2463431","","2642825","","7.3","","2878.93","","918","","2"
"98-10-0003-01","2021S0503505","Ottawa - Gatineau","1371576","r","1488307","","8.5","","8046.99","","185","",""
"98-10-0003-01","2021S0503825","Calgary","1392609","","1481806","","6.4","","5098.68","","290.6","","2"
"98-10-0003-01","2021S0503835","Edmonton","1321441","r","1418118","","7.3","","9416.19","","150.6","",""
"98-10-0003-01","2021S0503421","Québec","806406","r","839311","","4.1","","3499.46","","239.8","",""
"98-10-0003-01","2021S0503602","Winnipeg","783099","r","834678","","6.6","","5285.46","","157.9","",""
"98-10-0003-01","2021S0503537","Hamilton","747545","","785184","","5","","1373.15","","571.8","",""
"98-10-0003-01","2021S0503541","Kitchener - Cambridge - Waterloo","523894","","575847","","9.9","","1092.33","","527.2","",""
"98-10-0003-01","2021S0503555","London","494069","","543551","","10","","2661.48","","204.2","",""
"98-10-0003-01","2021S0503205","Halifax","426932","r","465703","","9.1","","7276.22","","64","",""
"98-10-0003-01","2021S0503539","St. Catharines - Niagara","406074","","433604","","6.8","","1397.09","","310.4","",""
"98-10-0003-01","2021S0503559","Windsor","398718","r","422630","","6","","1803.17","","234.4","",""
"98-10-0003-01","2021S0503532","Oshawa","379848","","415311","","9.3","","903.25","","459.8","",""
"98-10-0003-01","2021S0503935","Victoria","367770","","397237","","8","","695.29","","571.3","",""
"98-10-0003-01","2021S0503725","Saskatoon","295095","","317480","","7.6","","5864.48","","54.1","",""
"98-10-0003-01","2021S0503705","Regina","236695","r","249217","","5.3","","4323.66","","57.6","",""
"98-10-0003-01","2021S0503433","Sherbrooke","212105","","227398","","7.2","","1458.1","","156","",""
"98-10-0003-01","2021S0503915","Kelowna","194892","r","222162","","14","","2902.45","","76.5","",""
"98-10-0003-01","2021S0503568","Barrie","197059","","212856","","8","","897.26","","237.2","",""
"98-10-0003-01","2021S0503001","St. John's","208418","r","212579","","2","","931.56","","228.2","",""
"98-10-0003-01","2021S0503932","Abbotsford - Mission","180518","","195726","","8.4","","606.72","","322.6","",""
"98-10-0003-01","2021S0503521","Kingston","161175","","172546","","7.1","","1919.17","","89.9","",""
"98-10-0003-01","2021S0503580","Greater Sudbury / Grand Sudbury","165958","r","170605","","2.8","","4187.4","","40.7","",""
"98-10-0003-01","2021S0503550","Guelph","151984","","165588","","9","","595.08","","278.3","",""
"98-10-0003-01","2021S0503408","Saguenay","161520","r","161567","","0","","3133.53","","51.6","",""
"98-10-0003-01","2021S0503442","Trois-Rivières","156042","","161489","","3.5","","1038.64","","155.5","",""
"98-10-0003-01","2021S0503305","Moncton","144810","","157717","","8.9","","2562.47","","61.5","",""
"98-10-0003-01","2021S0503543","Brantford","134203","","144162","","7.4","","1074","","134.2","","2"
"98-10-0003-01","2021S0503310","Saint John","126202","","130613","","3.5","","3505.66","","37.3","",""
"98-10-0003-01","2021S0503529","Peterborough","121721","","128624","","5.7","","1508.44","","85.3","",""
"98-10-0003-01","2021S0503810","Lethbridge","117394","","123847","","5.5","","2958.96","","41.9","",""
"98-10-0003-01","2021S0503595","Thunder Bay","121621","","123258","","1.3","","2550.79","","48.3","",""
"98-10-0003-01","2021S0503938","Nanaimo","104936","","115459","","10","","1279.28","","90.3","",""
"98-10-0003-01","2021S0503925","Kamloops","103811","","114142","","10","","5654.08","","20.2","",""
"98-10-0003-01","2021S0503930","Chilliwack","101512","","113767","","12.1","","1444.02","","78.8","",""
"98-10-0003-01","2021S0503522","Belleville - Quinte West","103401","r","111184","","7.5","","1337.5","","83.1","",""
"98-10-0003-01","2021S0503320","Fredericton","102690","r","108610","","5.8","","6014.66","","18.1","",""
"98-10-0003-01","2021S0503447","Drummondville","97149","r","101610","","4.6","","1094.36","","92.8","",""
"98-10-0003-01","2021S0503830","Red Deer","100418","","100844","","0.4","","104.34","","966.5","",""
"98-10-0001-01","2021A000011124","Canada","35151728","","36991981","","5.2","","8788702.8","","4.2","","2"
"98-10-0001-01","2021A000210","Newfoundland and Labrador","519716","","510550","","-1.8","","358170.37","","1.4","",""
"98-10-0001-01","2021A000211","Prince Edward Island","142907","","154331","","8","","5681.18","","27.2","",""
"98-10-0001-01","2021A000212","Nova Scotia","923598","","969383","","5","","52824.71","","18.4","",""
"98-10-0001-01","2021A000213","New Brunswick","747101","","775610","","3.8","","71248.5","","10.9","",""
"98-10-0001-01","2021A000224","Quebec","8164361","","8501833","","4.1","","1298599.75","","6.5","","2"
"98-10-0001-01","2021A000235","Ontario","13448494","","14223942","","5.8","","892411.76","","15.9","","2"
"98-10-0001-01","2021A000246","Manitoba","1278365","","1342153","","5","","540310.19","","2.5","","2"
"98-10-0001-01","2021A000247","Saskatchewan","1098352","","1132505","","3.1","","577060.4","","2","","2"
"98-10-0001-01","2021A000248","Alberta","4067175","","4262635","","4.8","","634658.27","","6.7","","2"
"98-10-0001-01","2021A000259","British Columbia","4648055","","5000879","","7.6","","920686.55","","5.4","","2"
"98-10-0001-01","2021A000260","Yukon","35874","","40232","","12.1","","472345.44","","0.1","",""
"98-10-0001-01","2021A000261","Northwest Territories","41786","","41070","","-1.7","","1127711.92","","0","",""
"98-10-0001-01","2021A000262","Nunavut","35944","","36858","","2.5","","1836993.78","","0","",""
