"REF_DATE","GEO","DGUID","Harvest disposition","Type of crop","UOM","UOM_ID","SCALAR_FACTOR","SCALAR_ID","VECTOR","COORDINATE","VALUE","STATUS","SYMBOL","TERMINATED","DECIMALS"
"2020","Canada","2021A000011124","Seeded area (hectares)","Wheat, all","Hectares","149","units","0","v114995671","1.16.1","10193600","","","","0"
"2020","Canada","2021A000011124","Harvested area (hectares)","Wheat, all","Hectares","149","units","0","v114995787","1.17.1","10017800","","","","0"
"2020","Canada","2021A000011124","Production (metric tonnes)","Wheat, all","Metric tonnes","214","units","0","v114995749","1.19.1","35437200","","","","0"
"2020","Newfoundland and Labrador","2021A000210","Seeded area (hectares)","Wheat, all","Hectares","149","units","0","v1000142854","13.16.1","","F","","","0"
"2020","Newfoundland and Labrador","2021A000210","Harvested area (hectares)","Wheat, all","Hectares","149","units","0","v1001388099","13.17.1","","F","","","0"
"2020","Newfoundland and Labrador","2021A000210","Production (metric tonnes)","Wheat, all","Metric tonnes","214","units","0","v1001388103","13.19.1","","F","","","0"
"2020","Prince Edward Island","2021A000211","Seeded area (hectares)","Wheat, all","Hectares","149","units","0","v115113883","3.16.1","20000","","","","0"
"2020","Prince Edward Island","2021A000211","Harvested area (hectares)","Wheat, all","Hectares","149","units","0","v115113898","3.17.1","17900","","","","0"
"2020","Prince Edward Island","2021A000211","Production (metric tonnes)","Wheat, all","Metric tonnes","214","units","0","v115113923","3.19.1","62200","","","","0"
"2020","Nova Scotia","2021A000212","Seeded area (hectares)","Wheat, all","Hectares","149","units","0","v115113946","4.16.1","4500","","","","0"
"2020","Nova Scotia","2021A000212","Harvested area (hectares)","Wheat, all","Hectares","149","units","0","v115113961","4.17.1","3200","","","","0"
"2020","Nova Scotia","2021A000212","Production (metric tonnes)","Wheat, all","Metric tonnes","214","units","0","v115113987","4.19.1","11800","","","","0"
"2020","New Brunswick","2021A000213","Seeded area (hectares)","Wheat, all","Hectares","149","units","0","v115114011","5.16.1","5400","","","","0"
"2020","New Brunswick","2021A000213","Harvested area (hectares)","Wheat, all","Hectares","149","units","0","v115114047","5.17.1","5200","","","","0"
"2020","New Brunswick","2021A000213","Production (metric tonnes)","Wheat, all","Metric tonnes","214","units","0","v115114035","5.19.1","14300","","","","0"
"2020","Quebec","2021A000224","Seeded area (hectares)","Wheat, all","Hectares","149","units","0","v115114079","6.16.1","118300","","","","0"
"2020","Quebec","2021A000224","Harvested area (hectares)","Wheat, all","Hectares","149","units","0","v115114102","6.17.1","106900","","","","0"
"2020","Quebec","2021A000224","Production (metric tonnes)","Wheat, all","Metric tonnes","214","units","0","v115114140","6.19.1","248500","","","","0"
"2020","Ontario","2021A000235","Seeded area (hectares)","Wheat, all","Hectares","149","units","0","v115114175","7.16.1","517700","","","","0"
"2020","Ontario","2021A000235","Harvested area (hectares)","Wheat, all","Hectares","149","units","0","v115114319","7.17.1","465100","","","","0"
"2020","Ontario","2021A000235","Production (metric tonnes)","Wheat, all","Metric tonnes","214","units","0","v115114281","7.19.1","2485300","","","","0"
"2020","Manitoba","2021A000246","Seeded area (hectares)","Wheat, all","Hectares","149","units","0","v115114671","9.16.1","1282600","","","","0"
"2020","Manitoba","2021A000246","Harvested area (hectares)","Wheat, all","Hectares","149","units","0","v115114985","9.17.1","1278400","","","","0"
"2020","Manitoba","2021A000246","Production (metric tonnes)","Wheat, all","Metric tonnes","214","units","0","v115115020","9.19.1","5274100","","","","0"
"2020","Saskatchewan","2021A000247","Seeded area (hectares)","Wheat, all","Hectares","149","units","0","v114995602","10.16.1","5203700","","","","0"
"2020","Saskatchewan","2021A000247","Harvested area (hectares)","Wheat, all","Hectares","149","units","0","v115114426","10.17.1","5175400","","","","0"
"2020","Saskatchewan","2021A000247","Production (metric tonnes)","Wheat, all","Metric tonnes","214","units","0","v115114239","10.19.1","16238400","","","","0"
"2020","Alberta","2021A000248","Seeded area (hectares)","Wheat, all","Hectares","149","units","0","v115114483","11.16.1","3014300","","","","0"
"2020","Alberta","2021A000248","Harvested area (hectares)","Wheat, all","Hectares","149","units","0","v115114742","11.17.1","2944700","","","","0"
"2020","Alberta","2021A000248","Production (metric tonnes)","Wheat, all","Metric tonnes","214","units","0","v115114552","11.19.1","11041000","","","","0"
"2020","British Columbia","2021A000259","Seeded area (hectares)","Wheat, all","Hectares","149","units","0","v115114882","12.16.1","27500","","","","0"
"2020","British Columbia","2021A000259","Harvested area (hectares)","Wheat, all","Hectares","149","units","0","v115114902","12.17.1","21000","","","","0"
"2020","British Columbia","2021A000259","Production (metric tonnes)","Wheat, all","Metric tonnes","214","units","0","v115114938","12.19.1","61600","","","","0"
"2021","Canada","2021A000011124","Seeded area (hectares)","Wheat, all","Hectares","149","units","0","v114995671","1.16.1","9491860","","","","0"
"2021","Canada","2021A000011124","Harvested area (hectares)","Wheat, all","Hectares","149","units","0","v114995787","1.17.1","9198900","","","","0"
"2021","Canada","2021A000011124","Production (metric tonnes)","Wheat, all","Metric tonnes","214","units","0","v114995749","1.19.1","22422100","","","","0"
"2021","Newfoundland and Labrador","2021A000210","Seeded area (hectares)","Wheat, all","Hectares","149","units","0","v1000142854","13.16.1","","F","","","0"
"2021","Newfoundland and Labrador","2021A000210","Harvested area (hectares)","Wheat, all","Hectares","149","units","0","v1001388099","13.17.1","","F","","","0"
"2021","Newfoundland and Labrador","2021A000210","Production (metric tonnes)","Wheat, all","Metric tonnes","214","units","0","v1001388103","13.19.1","","F","","","0"
"2021","Prince Edward Island","2021A000211","Seeded area (hectares)","Wheat, all","Hectares","149","units","0","v115113883","3.16.1","15430","","","","0"
"2021","Prince Edward Island","2021A000211","Harvested area (hectares)","Wheat, all","Hectares","149","units","0","v115113898","3.17.1","11800","","","","0"
"2021","Prince Edward Island","2021A000211","Production (metric tonnes)","Wheat, all","Metric tonnes","214","units","0","v115113923","3.19.1","48200","","","","0"
"2021","Nova Scotia","2021A000212","Seeded area (hectares)","Wheat, all","Hectares","149","units","0","v115113946","4.16.1","4933","","","","0"
"2021","Nova Scotia","2021A000212","Harvested area (hectares)","Wheat, all","Hectares","149","units","0","v115113961","4.17.1","2500","","","","0"
"2021","Nova Scotia","2021A000212","Production (metric tonnes)","Wheat, all","Metric tonnes","214","units","0","v115113987","4.19.1","11200","","","","0"
"2021","New Brunswick","2021A000213","Seeded area (hectares)","Wheat, all","Hectares","149","units","0","v115114011","5.16.1","2823","","","","0"
"2021","New Brunswick","2021A000213","Harvested area (hectares)","Wheat, all","Hectares","149","units","0","v115114047","5.17.1","2600","","","","0"
"2021","New Brunswick","2021A000213","Production (metric tonnes)","Wheat, all","Metric tonnes","214","units","0","v115114035","5.19.1","10100","","","","0"
"2021","Quebec","2021A000224","Seeded area (hectares)","Wheat, all","Hectares","149","units","0","v115114079","6.16.1","94622","","","","0"
"2021","Quebec","2021A000224","Harvested area (hectares)","Wheat, all","Hectares","149","units","0","v115114102","6.17.1","90600","","","","0"
"2021","Quebec","2021A000224","Production (metric tonnes)","Wheat, all","Metric tonnes","214","units","0","v115114140","6.19.1","329200","","","","0"
"2021","Ontario","2021A000235","Seeded area (hectares)","Wheat, all","Hectares","149","units","0","v115114175","7.16.1","528152","","","","0"
"2021","Ontario","2021A000235","Harvested area (hectares)","Wheat, all","Hectares","149","units","0","v115114319","7.17.1","508200","","","","0"
"2021","Ontario","2021A000235","Production (metric tonnes)","Wheat, all","Metric tonnes","214","units","0","v115114281","7.19.1","2993000","","","","0"
"2021","Manitoba","2021A000246","Seeded area (hectares)","Wheat, all","Hectares","149","units","0","v115114671","9.16.1","1178077","","","","0"
"2021","Manitoba","2021A000246","Harvested area (hectares)","Wheat, all","Hectares","149","units","0","v115114985","9.17.1","1167600","","","","0"
"2021","Manitoba","2021A000246","Production (metric tonnes)","Wheat, all","Metric tonnes","214","units","0","v115115020","9.19.1","3762800","","","","0"
"2021","Saskatchewan","2021A000247","Seeded area (hectares)","Wheat, all","Hectares","149","units","0","v114995602","10.16.1","4827426","","","","0"
"2021","Saskatchewan","2021A000247","Harvested area (hectares)","Wheat, all","Hectares","149","units","0","v115114426","10.17.1","4674200","","","","0"
"2021","Saskatchewan","2021A000247","Production (metric tonnes)","Wheat, all","Metric tonnes","214","units","0","v115114239","10.19.1","8833900","","","","0"
"2021","Alberta","2021A000248","Seeded area (hectares)","Wheat, all","Hectares","149","units","0","v115114483","11.16.1","2813129","","","","0"
"2021","Alberta","2021A000248","Harvested area (hectares)","Wheat, all","Hectares","149","units","0","v115114742","11.17.1","2717800","","","","0"
"2021","Alberta","2021A000248","Production (metric tonnes)","Wheat, all","Metric tonnes","214","units","0","v115114552","11.19.1","6374900","","","","0"
"2021","British Columbia","2021A000259","Seeded area (hectares)","Wheat, all","Hectares","149","units","0","v115114882","12.16.1","27140","","","","0"
"2021","British Columbia","2021A000259","Harvested area (hectares)","Wheat, all","Hectares","149","units","0","v115114902","12.17.1","23600","","","","0"
"2021","British Columbia","2021A000259","Production (metric tonnes)","Wheat, all","Metric tonnes","214","units","0","v115114938","12.19.1","58800","","","","0"
"2022","Canada","2021A000011124","Seeded area (hectares)","Wheat, all","Hectares","149","units","0","v114995671","1.16.1","10289400","","r","","0"
"2022","Canada","2021A000011124","Harvested area (hectares)","Wheat, all","Hectares","149","units","0","v114995787","1.17.1","10110900","","r","","0"
"2022","Canada","2021A000011124","Production (metric tonnes)","Wheat, all","Metric tonnes","214","units","0","v114995749","1.19.1","34878782","","r","","0"
"2022","Newfoundland and Labrador","2021A000210","Seeded area (hectares)","Wheat, all","Hectares","149","units","0","v1000142854","13.16.1","0","","","","0"
"2022","Newfoundland and Labrador","2021A000210","Harvested area (hectares)","Wheat, all","Hectares","149","units","0","v1001388099","13.17.1","0","","","","0"
"2022","Newfoundland and Labrador","2021A000210","Production (metric tonnes)","Wheat, all","Metric tonnes","214","units","0","v1001388103","13.19.1","0","","","","0"
"2022","Prince Edward Island","2021A000211","Seeded area (hectares)","Wheat, all","Hectares","149","units","0","v115113883","3.16.1","17000","","","","0"
"2022","Prince Edward Island","2021A000211","Harvested area (hectares)","Wheat, all","Hectares","149","units","0","v115113898","3.17.1","15900","","","","0"
"2022","Prince Edward Island","2021A000211","Production (metric tonnes)","Wheat, all","Metric tonnes","214","units","0","v115113923","3.19.1","74464","","","","0"
"2022","Nova Scotia","2021A000212","Seeded area (hectares)","Wheat, all","Hectares","149","units","0","v115113946","4.16.1","3100","","","","0"
"2022","Nova Scotia","2021A000212","Harvested area (hectares)","Wheat, all","Hectares","149","units","0","v115113961","4.17.1","2600","","","","0"
"2022","Nova Scotia","2021A000212","Production (metric tonnes)","Wheat, all","Metric tonnes","214","units","0","v115113987","4.19.1","12546","","","","0"
"2022","New Brunswick","2021A000213","Seeded area (hectares)","Wheat, all","Hectares","149","units","0","v115114011","5.16.1","3700","","","","0"
"2022","New Brunswick","2021A000213","Harvested area (hectares)","Wheat, all","Hectares","149","units","0","v115114047","5.17.1","3600","","","","0"
"2022","New Brunswick","2021A000213","Production (metric tonnes)","Wheat, all","Metric tonnes","214","units","0","v115114035","5.19.1","13428","","","","0"
"2022","Quebec","2021A000224","Seeded area (hectares)","Wheat, all","Hectares","149","units","0","v115114079","6.16.1","95200","","","","0"
"2022","Quebec","2021A000224","Harvested area (hectares)","Wheat, all","Hectares","149","units","0","v115114102","6.17.1","88500","","","","0"
"2022","Quebec","2021A000224","Production (metric tonnes)","Wheat, all","Metric tonnes","214","units","0","v115114140","6.19.1","347135","","","","0"
"2022","Ontario","2021A000235","Seeded area (hectares)","Wheat, all","Hectares","149","units","0","v115114175","7.16.1","415200","","","","0"
"2022","Ontario","2021A000235","Harvested area (hectares)","Wheat, all","Hectares","149","units","0","v115114319","7.17.1","394400","","r","","0"
"2022","Ontario","2021A000235","Production (metric tonnes)","Wheat, all","Metric tonnes","214","units","0","v115114281","7.19.1","2557300","","r","","0"
"2022","Manitoba","2021A000246","Seeded area (hectares)","Wheat, all","Hectares","149","units","0","v115114671","9.16.1","1267300","","r","","0"
"2022","Manitoba","2021A000246","Harvested area (hectares)","Wheat, all","Hectares","149","units","0","v115114985","9.17.1","1233800","","r","","0"
"2022","Manitoba","2021A000246","Production (metric tonnes)","Wheat, all","Metric tonnes","214","units","0","v115115020","9.19.1","5126368","","r","","0"
"2022","Saskatchewan","2021A000247","Seeded area (hectares)","Wheat, all","Hectares","149","units","0","v114995602","10.16.1","5362200","","","","0"
"2022","Saskatchewan","2021A000247","Harvested area (hectares)","Wheat, all","Hectares","149","units","0","v115114426","10.17.1","5306800","","","","0"
"2022","Saskatchewan","2021A000247","Production (metric tonnes)","Wheat, all","Metric tonnes","214","units","0","v115114239","10.19.1","15293389","","r","","0"
"2022","Alberta","2021A000248","Seeded area (hectares)","Wheat, all","Hectares","149","units","0","v115114483","11.16.1","3089600","","","","0"
"2022","Alberta","2021A000248","Harvested area (hectares)","Wheat, all","Hectares","149","units","0","v115114742","11.17.1","3031700","","","","0"
"2022","Alberta","2021A000248","Production (metric tonnes)","Wheat, all","Metric tonnes","214","units","0","v115114552","11.19.1","11343305","","","","0"
"2022","British Columbia","2021A000259","Seeded area (hectares)","Wheat, all","Hectares","149","units","0","v115114882","12.16.1","36300","","","","0"
"2022","British Columbia","2021A000259","Harvested area (hectares)","Wheat, all","Hectares","149","units","0","v115114902","12.17.1","33600","","","","0"
"2022","British Columbia","2021A000259","Production (metric tonnes)","Wheat, all","Metric tonnes","214","units","0","v115114938","12.19.1","110846","","","","0"
"2025","Canada","2021A000011124","Seeded area (hectares)","Wheat, all","Hectares","149","units","0","v114995671","1.16.1","10939800","","","","0"
"2025","Canada","2021A000011124","Harvested area (hectares)","Wheat, all","Hectares","149","units","0","v114995787","1.17.1","10615300","","","","0"
"2025","Canada","2021A000011124","Production (metric tonnes)","Wheat, all","Metric tonnes","214","units","0","v114995749","1.19.1","40561984","","r","","0"
"2025","Newfoundland and Labrador","2021A000210","Seeded area (hectares)","Wheat, all","Hectares","149","units","0","v1000142854","13.16.1","","F","","","0"
"2025","Newfoundland and Labrador","2021A000210","Harvested area (hectares)","Wheat, all","Hectares","149","units","0","v1001388099","13.17.1","","F","","","0"
"2025","Newfoundland and Labrador","2021A000210","Production (metric tonnes)","Wheat, all","Metric tonnes","214","units","0","v1001388103","13.19.1","","F","","","0"
"2025","Prince Edward Island","2021A000211","Seeded area (hectares)","Wheat, all","Hectares","149","units","0","v115113883","3.16.1","15800","","","","0"
"2025","Prince Edward Island","2021A000211","Harvested area (hectares)","Wheat, all","Hectares","149","units","0","v115113898","3.17.1","13200","","","","0"
"2025","Prince Edward Island","2021A000211","Production (metric tonnes)","Wheat, all","Metric tonnes","214","units","0","v115113923","3.19.1","58624","","","","0"
"2025","Nova Scotia","2021A000212","Seeded area (hectares)","Wheat, all","Hectares","149","units","0","v115113946","4.16.1","4100","","","","0"
"2025","Nova Scotia","2021A000212","Harvested area (hectares)","Wheat, all","Hectares","149","units","0","v115113961","4.17.1","3600","","","","0"
"2025","Nova Scotia","2021A000212","Production (metric tonnes)","Wheat, all","Metric tonnes","214","units","0","v115113987","4.19.1","18731","","","","0"
"2025","New Brunswick","2021A000213","Seeded area (hectares)","Wheat, all","Hectares","149","units","0","v115114011","5.16.1","4300","","","","0"
"2025","New Brunswick","2021A000213","Harvested area (hectares)","Wheat, all","Hectares","149","units","0","v115114047","5.17.1","3800","","","","0"
"2025","New Brunswick","2021A000213","Production (metric tonnes)","Wheat, all","Metric tonnes","214","units","0","v115114035","5.19.1","13370","","","","0"
"2025","Quebec","2021A000224","Seeded area (hectares)","Wheat, all","Hectares","149","units","0","v115114079","6.16.1","89300","","","","0"
"2025","Quebec","2021A000224","Harvested area (hectares)","Wheat, all","Hectares","149","units","0","v115114102","6.17.1","84200","","","","0"
"2025","Quebec","2021A000224","Production (metric tonnes)","Wheat, all","Metric tonnes","214","units","0","v115114140","6.19.1","301838","","","","0"
"2025","Ontario","2021A000235","Seeded area (hectares)","Wheat, all","Hectares","149","units","0","v115114175","7.16.1","514200","","","","0"
"2025","Ontario","2021A000235","Harvested area (hectares)","Wheat, all","Hectares","149","units","0","v115114319","7.17.1","479400","","","","0"
"2025","Ontario","2021A000235","Production (metric tonnes)","Wheat, all","Metric tonnes","214","units","0","v115114281","7.19.1","3054986","","r","","0"
"2025","Manitoba","2021A000246","Seeded area (hectares)","Wheat, all","Hectares","149","units","0","v115114671","9.16.1","1338000","","","","0"
"2025","Manitoba","2021A000246","Harvested area (hectares)","Wheat, all","Hectares","149","units","0","v115114985","9.17.1","1328300","","","","0"
"2025","Manitoba","2021A000246","Production (metric tonnes)","Wheat, all","Metric tonnes","214","units","0","v115115020","9.19.1","5933572","","r","","0"
"2025","Saskatchewan","2021A000247","Seeded area (hectares)","Wheat, all","Hectares","149","units","0","v114995602","10.16.1","5674800","","","","0"
"2025","Saskatchewan","2021A000247","Harvested area (hectares)","Wheat, all","Hectares","149","units","0","v115114426","10.17.1","5462600","","","","0"
"2025","Saskatchewan","2021A000247","Production (metric tonnes)","Wheat, all","Metric tonnes","214","units","0","v115114239","10.19.1","18759567","","r","","0"
"2025","Alberta","2021A000248","Seeded area (hectares)","Wheat, all","Hectares","149","units","0","v115114483","11.16.1","3258800","","","","0"
"2025","Alberta","2021A000248","Harvested area (hectares)","Wheat, all","Hectares","149","units","0","v115114742","11.17.1","3203700","","","","0"
"2025","Alberta","2021A000248","Production (metric tonnes)","Wheat, all","Metric tonnes","214","units","0","v115114552","11.19.1","12283980","","","","0"
"2025","British Columbia","2021A000259","Seeded area (hectares)","Wheat, all","Hectares","149","units","0","v115114882","12.16.1","40500","","","","0"
"2025","British Columbia","2021A000259","Harvested area (hectares)","Wheat, all","Hectares","149","units","0","v115114902","12.17.1","36500","","","","0"
"2025","British Columbia","2021A000259","Production (metric tonnes)","Wheat, all","Metric tonnes","214","units","0","v115114938","12.19.1","137315","","","","0"
