"Cube Title","Product Id","CANSIM Id",URL,"Cube Notes","Archive Status",Frequency,"Start Reference Period","End Reference Period","Total number of dimensions",Universe,"Variable List"
"Population and dwelling counts: Canada, provinces and territories","98100001",,"https://www150.statcan.gc.ca/t1/tbl1/en/tv.action?pid=9810000101",1,"CURRENT - a cube available to the public and that is current","Occasional","2021-01-01","2021-01-01","2","All persons, 2021 and 2016 censuses – 100% data","Population and dwelling counts (11)"

"Dimension ID","Dimension name","Dimension Notes","Dimension Correction Notes","Dimension Definitions"
"1","Geographic name",,,""
"2","Population and dwelling counts (11)",,,""

"Dimension ID","Member Name","Classification Code","Member ID","Parent Member ID",Terminated,"Member Notes","Member Correction Notes","Member Geo Attribute Keys","Member Definitions"
"1","Canada","[11124]","1","","",2,,3;4;5;9;10;15;12;16,
"1","Newfoundland and Labrador","[10]","2","1","",,,3;4;5;9;10;15;12;16,
"1","Prince Edward Island","[11]","3","1","",,,3;4;5;9;10;15;12;16,
"1","Nova Scotia","[12]","4","1","",,,3;4;5;9;10;15;12;16,
"1","New Brunswick","[13]","5","1","",,,3;4;5;9;10;15;12;16,
"1","Quebec","[24]","6","1","",2,,3;4;5;9;10;15;12;16,
"1","Ontario","[35]","7","1","",2,,3;4;5;9;10;15;12;16,
"1","Manitoba","[46]","8","1","",2,,3;4;5;9;10;15;12;16,
"1","Saskatchewan","[47]","9","1","",2,,3;4;5;9;10;15;12;16,
"1","Alberta","[48]","10","1","",2,,3;4;5;9;10;15;12;16,
"1","British Columbia","[59]","11","1","",2,,3;4;5;9;10;15;12;16,
"1","Yukon","[60]","12","1","",,,3;4;5;9;10;15;12;16,
"1","Northwest Territories","[61]","13","1","",,,3;4;5;9;10;15;12;16,
"1","Nunavut","[62]","14","1","",,,3;4;5;9;10;15;12;16,
"2","Population, 2021","","1","","",,,,
"2","Population, 2016","","2","","",,,,
"2","Population percentage change, 2016 to 2021","","3","","",,,,
"2","Total private dwellings, 2021","","4","","",,,,
"2","Total private dwellings, 2016","","5","","",,,,
"2","Total private dwellings percentage change, 2016 to 2021","","6","","",,,,
"2","Private dwellings occupied by usual residents, 2021","","7","","",,,,
"2","Private dwellings occupied by usual residents, 2016","","8","","",,,,
"2","Private dwellings occupied by usual residents percentage change, 2016 to 2021","","9","","",,,,
"2","Land area in square kilometres, 2021","","10","","",,,,
"2","Population density per square kilometre, 2021","","11","","",,,,

Symbol Legend
Description,Symbol
"not available for a specific reference period","..",
"less than the limit of detection","<LOD",
"value rounded to 0 (zero) where there is a meaningful distinction between true zero and the value that was rounded","0s",
"data quality: excellent","A",
"data quality: very good","B",
"data quality: good","C",
"data quality: acceptable","D",
"use with caution","E",
"too unreliable to be published","F",
"not applicable","...",
"preliminary","p",
"revised","r",
"suppressed to meet the confidentiality requirements of the Statistics Act","x",
"terminated","t",

"Survey Code","Survey Name"
"3901","Census of Population"

"Note ID",Note
1,"<p><strong>Content considerations</strong></p>  <p>The 2021 Census population counts for a particular geographic area represent the number of Canadians whose usual place of residence is in that area, regardless of where they happened to be on Census Day. Also included are any Canadians who were staying in that area on Census Day and who had no usual place of residence elsewhere in Canada, as well as those considered to be non-permanent residents. For most areas, there is little difference between the number of usual residents and the number of people staying in the area on Census Day. For certain places, however, such as tourist or vacation areas, or those including large work camps, the number of people staying in that area at any particular time could significantly exceed the number of usual residents shown here. The population counts include Canadians living in other countries, but do not include foreign residents living in Canada. Given these differences, users are advised not to interpret population counts as being the number of people living in the reported dwellings.</p>  <p>The dwelling counts refer to total private dwellings and private dwellings occupied by usual residents in Canada. The census dwelling counts do not include collective dwellings, which are dwellings of a commercial, institutional or communal nature. The usual residents in collective dwellings are, however, included in the population counts.</p>  <p>Changes occur to the names, boundaries and other characteristics of geographic areas (e.g., census subdivisions may amalgamate, or there may be an annexation or a change of name or status). Since the geographic framework is used for census data collection, the geographic reference date must be set several months before the date of the census in order to have these changes made in time. For the 2021 Census, the geographic reference date was January 1, 2021.</p>  <p>Land area is the area in square kilometres of the land-based portions of standard geographic areas. The data are unofficial, and are provided for the sole purpose of calculating population density. Land area data for the standard geographic areas reflect the boundaries in effect on January 1, 2021 (the geographic reference date for the 2021 Census of Canada).</p>  <p><strong>Definitions</strong></p>  <p>The Census Dictionary is a reference document which contains detailed definitions of Census of Population concepts, universes, variables, and geographic terms, as well as historical information.</p> <p><strong>Incompletely enumerated reserves and settlements</strong></p><p>In 2021, a total of 63 census subdivisions defined as reserves and settlements were incompletely enumerated. For these reserves and settlements, dwelling enumeration was either not permitted or could not be completed because of the various reasons below.</p><p>This represents an increase compared with the 14 census subdivisions defined as reserves and settlements that were incompletely enumerated in the 2016 Census. Health and safety restrictions put in place to slow the spread of COVID-19 and natural events (including evacuations because of forest fires) contributed to the incomplete enumeration of many reserves and settlements.</p><p>The 2021 Census population and dwelling counts are not available for the 63 incompletely enumerated reserves and settlements, and are not included in 2021 Census tabulations. Data for geographic areas containing one or more of these reserves and settlements are noted accordingly. Because of the missing data, users are cautioned that—for the affected geographic areas—comparisons (e.g., percentage change) between 2016 and 2021 may not be precise. The impact of the missing data for higher-level geographic areas (Canada, provinces and territories, census metropolitan areas and census agglomerations) is usually very/ small. However, the impact can be significant for lower-level geographic areas (e.g., census divisions), where incompletely enumerated reserves and settlements account for a higher proportion of the population. This is especially true for lower-level geographic areas where a particular reserve or settlement was incompletely enumerated for the 2021 Census but enumerated for the 2016 Census and, vice versa.</p> <p><strong>Adjustment of population counts</strong></p>  <p>Statistics Canada is committed to protect the privacy of all Canadians and the confidentiality of the data they provide to us. As part of this commitment, some population counts of geographic areas are adjusted in order to ensure confidentiality.</p>  <p>Counts of the total population are rounded to a base of 5 for any dissemination block having a population of less than 15. Population counts for all standard geographic areas above the dissemination block level are derived by summing the adjusted dissemination block counts. The adjustment of dissemination block counts is controlled to ensure that the population counts for dissemination areas will always be within 5 of the actual values. The adjustment has no impact on the population counts of census divisions and large census subdivisions. Dwelling counts are not adjusted.</p>  <p><strong>Difference between census counts and population estimates</strong></p>  <p>The Census of Population is designed to conduct a complete count of the population. Inevitably, however, some individuals will not be enumerated (undercoverage), while others, usually less numerous, will be enumerated more than once (overcoverage).</p>  <p>To determine the number of people who were missed or counted more than once, Statistics Canada conducts postcensal studies of the coverage of the census population, using representative samples of the population. Results of these studies are usually available two years after Census Day. They are used, in combination with census figures and other sources, to develop the population estimates produced by Statistics Canada on a regular basis. Population estimates are used for equalization payments, to follow trends in the Canadian population on a quarterly basis and to understand the underlying components of population change (for example, births, deaths, immigrants, emigrants and non-permanent residents). Population estimates differ from census counts and are usually higher, because census counts are not adjusted for undercoverage or overcoverage.</p>"
2,"Excludes census data for one or more incompletely enumerated reserves or settlements."

"Correction ID","Correction Date","Correction Note"
"Dimension ID","Member ID","Attribute Key",Title,Label,"Long Label",Value
1,1,3,"ALT_GEO_CODE","Alternative geographic code","Alternative geographic code","01"
1,1,4,"GEO_LEVEL_DESC","Geographic level","Geographic level","Country"
1,1,5,"GEO_TYPE_ABBR","Geographic area type abbreviation","Geographic area type abbreviation","Country"
1,1,9,"PROV_ABBR","Province or territory abbreviation","Province or territory abbreviation","..."
1,1,10,"PR_CODE","Province or territory geocode","Province or territory geocode","01"
1,1,15,"GEO_TYPE_DESC","Geographic area type","Geographic area type","Country"
1,1,12,"GEO_NAME","Geography name","Geography name","Canada"
1,1,16,"DGUID","Dissemination Geography Unique Identifier (DGUID)","Dissemination Geography Unique Identifier (DGUID)","2021A000011124"
1,2,3,"ALT_GEO_CODE","Alternative geographic code","Alternative geographic code","10"
1,2,4,"GEO_LEVEL_DESC","Geographic level","Geographic level","Province or territory"
1,2,5,"GEO_TYPE_ABBR","Geographic area type abbreviation","Geographic area type abbreviation","PR"
1,2,9,"PROV_ABBR","Province or territory abbreviation","Province or territory abbreviation","N.L."
1,2,10,"PR_CODE","Province or territory geocode","Province or territory geocode","10"
1,2,15,"GEO_TYPE_DESC","Geographic area type","Geographic area type","Province"
1,2,12,"GEO_NAME","Geography name","Geography name","Newfoundland and Labrador"
1,2,16,"DGUID","Dissemination Geography Unique Identifier (DGUID)","Dissemination Geography Unique Identifier (DGUID)","2021A000210"
1,3,3,"ALT_GEO_CODE","Alternative geographic code","Alternative geographic code","11"
1,3,4,"GEO_LEVEL_DESC","Geographic level","Geographic level","Province or territory"
1,3,5,"GEO_TYPE_ABBR","Geographic area type abbreviation","Geographic area type abbreviation","PR"
1,3,9,"PROV_ABBR","Province or territory abbreviation","Province or territory abbreviation","P.E.I."
1,3,10,"PR_CODE","Province or territory geocode","Province or territory geocode","11"
1,3,15,"GEO_TYPE_DESC","Geographic area type","Geographic area type","Province"
1,3,12,"GEO_NAME","Geography name","Geography name","Prince Edward Island"
1,3,16,"DGUID","Dissemination Geography Unique Identifier (DGUID)","Dissemination Geography Unique Identifier (DGUID)","2021A000211"
1,4,3,"ALT_GEO_CODE","Alternative geographic code","Alternative geographic code","12"
1,4,4,"GEO_LEVEL_DESC","Geographic level","Geographic level","Province or territory"
1,4,5,"GEO_TYPE_ABBR","Geographic area type abbreviation","Geographic area type abbreviation","PR"
1,4,9,"PROV_ABBR","Province or territory abbreviation","Province or territory abbreviation","N.S."
1,4,10,"PR_CODE","Province or territory geocode","Province or territory geocode","12"
1,4,15,"GEO_TYPE_DESC","Geographic area type","Geographic area type","Province"
1,4,12,"GEO_NAME","Geography name","Geography name","Nova Scotia"
1,4,16,"DGUID","Dissemination Geography Unique Identifier (DGUID)","Dissemination Geography Unique Identifier (DGUID)","2021A000212"
1,5,3,"ALT_GEO_CODE","Alternative geographic code","Alternative geographic code","13"
1,5,4,"GEO_LEVEL_DESC","Geographic level","Geographic level","Province or territory"
1,5,5,"GEO_TYPE_ABBR","Geographic area type abbreviation","Geographic area type abbreviation","PR"
1,5,9,"PROV_ABBR","Province or territory abbreviation","Province or territory abbreviation","N.B."
1,5,10,"PR_CODE","Province or territory geocode","Province or territory geocode","13"
1,5,15,"GEO_TYPE_DESC","Geographic area type","Geographic area type","Province"
1,5,12,"GEO_NAME","Geography name","Geography name","New Brunswick"
1,5,16,"DGUID","Dissemination Geography Unique Identifier (DGUID)","Dissemination Geography Unique Identifier (DGUID)","2021A000213"
1,6,3,"ALT_GEO_CODE","Alternative geographic code","Alternative geographic code","24"
1,6,4,"GEO_LEVEL_DESC","Geographic level","Geographic level","Province or territory"
1,6,5,"GEO_TYPE_ABBR","Geographic area type abbreviation","Geographic area type abbreviation","PR"
1,6,9,"PROV_ABBR","Province or territory abbreviation","Province or territory abbreviation","Que."
1,6,10,"PR_CODE","Province or territory geocode","Province or territory geocode","24"
1,6,15,"GEO_TYPE_DESC","Geographic area type","Geographic area type","Province"
1,6,12,"GEO_NAME","Geography name","Geography name","Quebec"
1,6,16,"DGUID","Dissemination Geography Unique Identifier (DGUID)","Dissemination Geography Unique Identifier (DGUID)","2021A000224"
1,7,3,"ALT_GEO_CODE","Alternative geographic code","Alternative geographic code","35"
1,7,4,"GEO_LEVEL_DESC","Geographic level","Geographic level","Province or territory"
1,7,5,"GEO_TYPE_ABBR","Geographic area type abbreviation","Geographic area type abbreviation","PR"
1,7,9,"PROV_ABBR","Province or territory abbreviation","Province or territory abbreviation","Ont."
1,7,10,"PR_CODE","Province or territory geocode","Province or territory geocode","35"
1,7,15,"GEO_TYPE_DESC","Geographic area type","Geographic area type","Province"
1,7,12,"GEO_NAME","Geography name","Geography name","Ontario"
1,7,16,"DGUID","Dissemination Geography Unique Identifier (DGUID)","Dissemination Geography Unique Identifier (DGUID)","2021A000235"
1,8,3,"ALT_GEO_CODE","Alternative geographic code","Alternative geographic code","46"
1,8,4,"GEO_LEVEL_DESC","Geographic level","Geographic level","Province or territory"
1,8,5,"GEO_TYPE_ABBR","Geographic area type abbreviation","Geographic area type abbreviation","PR"
1,8,9,"PROV_ABBR","Province or territory abbreviation","Province or territory abbreviation","Man."
1,8,10,"PR_CODE","Province or territory geocode","Province or territory geocode","46"
1,8,15,"GEO_TYPE_DESC","Geographic area type","Geographic area type","Province"
1,8,12,"GEO_NAME","Geography name","Geography name","Manitoba"
1,8,16,"DGUID","Dissemination Geography Unique Identifier (DGUID)","Dissemination Geography Unique Identifier (DGUID)","2021A000246"
1,9,3,"ALT_GEO_CODE","Alternative geographic code","Alternative geographic code","47"
1,9,4,"GEO_LEVEL_DESC","Geographic level","Geographic level","Province or territory"
1,9,5,"GEO_TYPE_ABBR","Geographic area type abbreviation","Geographic area type abbreviation","PR"
1,9,9,"PROV_ABBR","Province or territory abbreviation","Province or territory abbreviation","Sask."
1,9,10,"PR_CODE","Province or territory geocode","Province or territory geocode","47"
1,9,15,"GEO_TYPE_DESC","Geographic area type","Geographic area type","Province"
1,9,12,"GEO_NAME","Geography name","Geography name","Saskatchewan"
1,9,16,"DGUID","Dissemination Geography Unique Identifier (DGUID)","Dissemination Geography Unique Identifier (DGUID)","2021A000247"
1,10,3,"ALT_GEO_CODE","Alternative geographic code","Alternative geographic code","48"
1,10,4,"GEO_LEVEL_DESC","Geographic level","Geographic level","Province or territory"
1,10,5,"GEO_TYPE_ABBR","Geographic area type abbreviation","Geographic area type abbreviation","PR"
1,10,9,"PROV_ABBR","Province or territory abbreviation","Province or territory abbreviation","Alta."
1,10,10,"PR_CODE","Province or territory geocode","Province or territory geocode","48"
1,10,15,"GEO_TYPE_DESC","Geographic area type","Geographic area type","Province"
1,10,12,"GEO_NAME","Geography name","Geography name","Alberta"
1,10,16,"DGUID","Dissemination Geography Unique Identifier (DGUID)","Dissemination Geography Unique Identifier (DGUID)","2021A000248"
1,11,3,"ALT_GEO_CODE","Alternative geographic code","Alternative geographic code","59"
1,11,4,"GEO_LEVEL_DESC","Geographic level","Geographic level","Province or territory"
1,11,5,"GEO_TYPE_ABBR","Geographic area type abbreviation","Geographic area type abbreviation","PR"
1,11,9,"PROV_ABBR","Province or territory abbreviation","Province or territory abbreviation","B.C."
1,11,10,"PR_CODE","Province or territory geocode","Province or territory geocode","59"
1,11,15,"GEO_TYPE_DESC","Geographic area type","Geographic area type","Province"
1,11,12,"GEO_NAME","Geography name","Geography name","British Columbia"
1,11,16,"DGUID","Dissemination Geography Unique Identifier (DGUID)","Dissemination Geography Unique Identifier (DGUID)","2021A000259"
1,12,3,"ALT_GEO_CODE","Alternative geographic code","Alternative geographic code","60"
1,12,4,"GEO_LEVEL_DESC","Geographic level","Geographic level","Province or territory"
1,12,5,"GEO_TYPE_ABBR","Geographic area type abbreviation","Geographic area type abbreviation","TERR"
1,12,9,"PROV_ABBR","Province or territory abbreviation","Province or territory abbreviation","Y.T."
1,12,10,"PR_CODE","Province or territory geocode","Province or territory geocode","60"
1,12,15,"GEO_TYPE_DESC","Geographic area type","Geographic area type","Territory"
1,12,12,"GEO_NAME","Geography name","Geography name","Yukon"
1,12,16,"DGUID","Dissemination Geography Unique Identifier (DGUID)","Dissemination Geography Unique Identifier (DGUID)","2021A000260"
1,13,3,"ALT_GEO_CODE","Alternative geographic code","Alternative geographic code","61"
1,13,4,"GEO_LEVEL_DESC","Geographic level","Geographic level","Province or territory"
1,13,5,"GEO_TYPE_ABBR","Geographic area type abbreviation","Geographic area type abbreviation","TERR"
1,13,9,"PROV_ABBR","Province or territory abbreviation","Province or territory abbreviation","N.W.T."
1,13,10,"PR_CODE","Province or territory geocode","Province or territory geocode","61"
1,13,15,"GEO_TYPE_DESC","Geographic area type","Geographic area type","Territory"
1,13,12,"GEO_NAME","Geography name","Geography name","Northwest Territories"
1,13,16,"DGUID","Dissemination Geography Unique Identifier (DGUID)","Dissemination Geography Unique Identifier (DGUID)","2021A000261"
1,14,3,"ALT_GEO_CODE","Alternative geographic code","Alternative geographic code","62"
1,14,4,"GEO_LEVEL_DESC","Geographic level","Geographic level","Province or territory"
1,14,5,"GEO_TYPE_ABBR","Geographic area type abbreviation","Geographic area type abbreviation","TERR"
1,14,9,"PROV_ABBR","Province or territory abbreviation","Province or territory abbreviation","Nvt."
1,14,10,"PR_CODE","Province or territory geocode","Province or territory geocode","62"
1,14,15,"GEO_TYPE_DESC","Geographic area type","Geographic area type","Territory"
1,14,12,"GEO_NAME","Geography name","Geography name","Nunavut"
1,14,16,"DGUID","Dissemination Geography Unique Identifier (DGUID)","Dissemination Geography Unique Identifier (DGUID)","2021A000262"


