PROD_EST,COBERTURA,ANIO,CVE_ENT,CODIGO_SCIAN,VAL_USD,ESTATUS_CIFRA,ESTATUS
Exportaciones Anuales por Entidad Federativa. Entidad y Subsector,Estatal,2025,01,211,,No disponible,Cifras Preliminares.
Exportaciones Anuales por Entidad Federativa. Entidad y Subsector,Estatal,2025,01,212,,No disponible,Cifras Preliminares.
Exportaciones Anuales por Entidad Federativa. Entidad y Subsector,Estatal,2025,01,311,295198,Disponible,Cifras Preliminares.
Exportaciones Anuales por Entidad Federativa. Entidad y Subsector,Estatal,2025,01,312,,Confidencial,Cifras Preliminares.
Exportaciones Anuales por Entidad Federativa. Entidad y Subsector,Estatal,2025,01,313,304,Disponible,Cifras Preliminares.
Exportaciones Anuales por Entidad Federativa. Entidad y Subsector,Estatal,2025,01,314,27968,Disponible,Cifras Preliminares.
Exportaciones Anuales por Entidad Federativa. Entidad y Subsector,Estatal,2025,01,315,195028,Disponible,Cifras Preliminares.
Exportaciones Anuales por Entidad Federativa. Entidad y Subsector,Estatal,2025,01,316,67,Disponible,Cifras Preliminares.
Exportaciones Anuales por Entidad Federativa. Entidad y Subsector,Estatal,2025,01,321,,No disponible,Cifras Preliminares.
Exportaciones Anuales por Entidad Federativa. Entidad y Subsector,Estatal,2025,01,322,,Confidencial,Cifras Preliminares.
Exportaciones Anuales por Entidad Federativa. Entidad y Subsector,Estatal,2025,01,323,,Confidencial,Cifras Preliminares.
Exportaciones Anuales por Entidad Federativa. Entidad y Subsector,Estatal,2025,01,324,,Confidencial,Cifras Preliminares.
Exportaciones Anuales por Entidad Federativa. Entidad y Subsector,Estatal,2025,01,325,21068,Disponible,Cifras Preliminares.
Exportaciones Anuales por Entidad Federativa. Entidad y Subsector,Estatal,2025,01,326,61981,Disponible,Cifras Preliminares.
Exportaciones Anuales por Entidad Federativa. Entidad y Subsector,Estatal,2025,01,327,,Confidencial,Cifras Preliminares.
Exportaciones Anuales por Entidad Federativa. Entidad y Subsector,Estatal,2025,01,331,863,Disponible,Cifras Preliminares.
Exportaciones Anuales por Entidad Federativa. Entidad y Subsector,Estatal,2025,01,332,55150,Disponible,Cifras Preliminares.
Exportaciones Anuales por Entidad Federativa. Entidad y Subsector,Estatal,2025,01,333,145838,Disponible,Cifras Preliminares.
Exportaciones Anuales por Entidad Federativa. Entidad y Subsector,Estatal,2025,01,334,1451297,Disponible,Cifras Preliminares.
Exportaciones Anuales por Entidad Federativa. Entidad y Subsector,Estatal,2025,01,335,,Confidencial,Cifras Preliminares.
Exportaciones Anuales por Entidad Federativa. Entidad y Subsector,Estatal,2025,01,336,11055264,Disponible,Cifras Preliminares.
Exportaciones Anuales por Entidad Federativa. Entidad y Subsector,Estatal,2025,01,337,,Confidencial,Cifras Preliminares.
Exportaciones Anuales por Entidad Federativa. Entidad y Subsector,Estatal,2025,01,339,43892,Disponible,Cifras Preliminares.
Exportaciones Anuales por Entidad Federativa. Entidad y Subsector,Estatal,2025,02,211,,No disponible,Cifras Preliminares.
Exportaciones Anuales por Entidad Federativa. Entidad y Subsector,Estatal,2025,02,212,,No disponible,Cifras Preliminares.
Exportaciones Anuales por Entidad Federativa. Entidad y Subsector,Estatal,2025,02,311,829986,Disponible,Cifras Preliminares.
Exportaciones Anuales por Entidad Federativa. Entidad y Subsector,Estatal,2025,02,312,283943,Disponible,Cifras Preliminares.
Exportaciones Anuales por Entidad Federativa. Entidad y Subsector,Estatal,2025,02,313,9455,Disponible,Cifras Preliminares.
Exportaciones Anuales por Entidad Federativa. Entidad y Subsector,Estatal,2025,02,314,270132,Disponible,Cifras Preliminares.
Exportaciones Anuales por Entidad Federativa. Entidad y Subsector,Estatal,2025,02,315,486840,Disponible,Cifras Preliminares.
Exportaciones Anuales por Entidad Federativa. Entidad y Subsector,Estatal,2025,02,316,26581,Disponible,Cifras Preliminares.
Exportaciones Anuales por Entidad Federativa. Entidad y Subsector,Estatal,2025,02,321,138092,Disponible,Cifras Preliminares.
Exportaciones Anuales por Entidad Federativa. Entidad y Subsector,Estatal,2025,02,322,545135,Disponible,Cifras Preliminares.
Exportaciones Anuales por Entidad Federativa. Entidad y Subsector,Estatal,2025,02,323,361152,Disponible,Cifras Preliminares.
Exportaciones Anuales por Entidad Federativa. Entidad y Subsector,Estatal,2025,02,324,,Confidencial,Cifras Preliminares.
Exportaciones Anuales por Entidad Federativa. Entidad y Subsector,Estatal,2025,02,325,557665,Disponible,Cifras Preliminares.
Exportaciones Anuales por Entidad Federativa. Entidad y Subsector,Estatal,2025,02,326,1722939,Disponible,Cifras Preliminares.
Exportaciones Anuales por Entidad Federativa. Entidad y Subsector,Estatal,2025,02,327,477846,Disponible,Cifras Preliminares.
Exportaciones Anuales por Entidad Federativa. Entidad y Subsector,Estatal,2025,02,331,325717,Disponible,Cifras Preliminares.
Exportaciones Anuales por Entidad Federativa. Entidad y Subsector,Estatal,2025,02,332,3137798,Disponible,Cifras Preliminares.
Exportaciones Anuales por Entidad Federativa. Entidad y Subsector,Estatal,2025,02,333,2191196,Disponible,Cifras Preliminares.
Exportaciones Anuales por Entidad Federativa. Entidad y Subsector,Estatal,2025,02,334,17972480,Disponible,Cifras Preliminares.
Exportaciones Anuales por Entidad Federativa. Entidad y Subsector,Estatal,2025,02,335,3062367,Disponible,Cifras Preliminares.
Exportaciones Anuales por Entidad Federativa. Entidad y Subsector,Estatal,2025,02,336,11518446,Disponible,Cifras Preliminares.
Exportaciones Anuales por Entidad Federativa. Entidad y Subsector,Estatal,2025,02,337,1326202,Disponible,Cifras Preliminares.
Exportaciones Anuales por Entidad Federativa. Entidad y Subsector,Estatal,2025,02,339,10087565,Disponible,Cifras Preliminares.
Exportaciones Anuales por Entidad Federativa. Entidad y Subsector,Estatal,2025,03,211,,No disponible,Cifras Preliminares.
Exportaciones Anuales por Entidad Federativa. Entidad y Subsector,Estatal,2025,03,212,,Confidencial,Cifras Preliminares.
Exportaciones Anuales por Entidad Federativa. Entidad y Subsector,Estatal,2025,03,311,,Confidencial,Cifras Preliminares.
Exportaciones Anuales por Entidad Federativa. Entidad y Subsector,Estatal,2025,03,312,,Confidencial,Cifras Preliminares.
Exportaciones Anuales por Entidad Federativa. Entidad y Subsector,Estatal,2025,03,313,,No disponible,Cifras Preliminares.
Exportaciones Anuales por Entidad Federativa. Entidad y Subsector,Estatal,2025,03,314,,No disponible,Cifras Preliminares.
Exportaciones Anuales por Entidad Federativa. Entidad y Subsector,Estatal,2025,03,315,,No disponible,Cifras Preliminares.
Exportaciones Anuales por Entidad Federativa. Entidad y Subsector,Estatal,2025,03,316,,No disponible,Cifras Preliminares.
Exportaciones Anuales por Entidad Federativa. Entidad y Subsector,Estatal,2025,03,321,,No disponible,Cifras Preliminares.
Exportaciones Anuales por Entidad Federativa. Entidad y Subsector,Estatal,2025,03,322,,No disponible,Cifras Preliminares.
Exportaciones Anuales por Entidad Federativa. Entidad y Subsector,Estatal,2025,03,323,,No disponible,Cifras Preliminares.
Exportaciones Anuales por Entidad Federativa. Entidad y Subsector,Estatal,2025,03,324,,No disponible,Cifras Preliminares.
Exportaciones Anuales por Entidad Federativa. Entidad y Subsector,Estatal,2025,03,325,,No disponible,Cifras Preliminares.
Exportaciones Anuales por Entidad Federativa. Entidad y Subsector,Estatal,2025,03,326,,Confidencial,Cifras Preliminares.
Exportaciones Anuales por Entidad Federativa. Entidad y Subsector,Estatal,2025,03,327,,Confidencial,Cifras Preliminares.
Exportaciones Anuales por Entidad Federativa. Entidad y Subsector,Estatal,2025,03,331,,No disponible,Cifras Preliminares.
Exportaciones Anuales por Entidad Federativa. Entidad y Subsector,Estatal,2025,03,332,,No disponible,Cifras Preliminares.
Exportaciones Anuales por Entidad Federativa. Entidad y Subsector,Estatal,2025,03,333,,No disponible,Cifras Preliminares.
Exportaciones Anuales por Entidad Federativa. Entidad y Subsector,Estatal,2025,03,334,,No disponible,Cifras Preliminares.
Exportaciones Anuales por Entidad Federativa. Entidad y Subsector,Estatal,2025,03,335,,No disponible,Cifras Preliminares.
Exportaciones Anuales por Entidad Federativa. Entidad y Subsector,Estatal,2025,03,336,,No disponible,Cifras Preliminares.
Exportaciones Anuales por Entidad Federativa. Entidad y Subsector,Estatal,2025,03,337,,No disponible,Cifras Preliminares.
Exportaciones Anuales por Entidad Federativa. Entidad y Subsector,Estatal,2025,03,339,,No disponible,Cifras Preliminares.
Exportaciones Anuales por Entidad Federativa. Entidad y Subsector,Estatal,2025,04,211,8269053,Disponible,Cifras Preliminares.
Exportaciones Anuales por Entidad Federativa. Entidad y Subsector,Estatal,2025,04,212,,No disponible,Cifras Preliminares.
Exportaciones Anuales por Entidad Federativa. Entidad y Subsector,Estatal,2025,04,311,22770,Disponible,Cifras Preliminares.
Exportaciones Anuales por Entidad Federativa. Entidad y Subsector,Estatal,2025,04,312,,Confidencial,Cifras Preliminares.
Exportaciones Anuales por Entidad Federativa. Entidad y Subsector,Estatal,2025,04,313,,No disponible,Cifras Preliminares.
Exportaciones Anuales por Entidad Federativa. Entidad y Subsector,Estatal,2025,04,314,,No disponible,Cifras Preliminares.
Exportaciones Anuales por Entidad Federativa. Entidad y Subsector,Estatal,2025,04,315,84519,Disponible,Cifras Preliminares.
Exportaciones Anuales por Entidad Federativa. Entidad y Subsector,Estatal,2025,04,316,,No disponible,Cifras Preliminares.
Exportaciones Anuales por Entidad Federativa. Entidad y Subsector,Estatal,2025,04,321,,Confidencial,Cifras Preliminares.
Exportaciones Anuales por Entidad Federativa. Entidad y Subsector,Estatal,2025,04,322,,No disponible,Cifras Preliminares.
Exportaciones Anuales por Entidad Federativa. Entidad y Subsector,Estatal,2025,04,323,,No disponible,Cifras Preliminares.
Exportaciones Anuales por Entidad Federativa. Entidad y Subsector,Estatal,2025,04,324,,No disponible,Cifras Preliminares.
Exportaciones Anuales por Entidad Federativa. Entidad y Subsector,Estatal,2025,04,325,,Confidencial,Cifras Preliminares.
Exportaciones Anuales por Entidad Federativa. Entidad y Subsector,Estatal,2025,04,326,,Confidencial,Cifras Preliminares.
Exportaciones Anuales por Entidad Federativa. Entidad y Subsector,Estatal,2025,04,327,2,Disponible,Cifras Preliminares.
Exportaciones Anuales por Entidad Federativa. Entidad y Subsector,Estatal,2025,04,331,,No disponible,Cifras Preliminares.
Exportaciones Anuales por Entidad Federativa. Entidad y Subsector,Estatal,2025,04,332,,Confidencial,Cifras Preliminares.
Exportaciones Anuales por Entidad Federativa. Entidad y Subsector,Estatal,2025,04,333,,No disponible,Cifras Preliminares.
Exportaciones Anuales por Entidad Federativa. Entidad y Subsector,Estatal,2025,04,334,,No disponible,Cifras Preliminares.
Exportaciones Anuales por Entidad Federativa. Entidad y Subsector,Estatal,2025,04,335,,No disponible,Cifras Preliminares.
Exportaciones Anuales por Entidad Federativa. Entidad y Subsector,Estatal,2025,04,336,,No disponible,Cifras Preliminares.
Exportaciones Anuales por Entidad Federativa. Entidad y Subsector,Estatal,2025,04,337,,No disponible,Cifras Preliminares.
Exportaciones Anuales por Entidad Federativa. Entidad y Subsector,Estatal,2025,04,339,,No disponible,Cifras Preliminares.
Exportaciones Anuales por Entidad Federativa. Entidad y Subsector,Estatal,2025,05,211,,No disponible,Cifras Preliminares.
Exportaciones Anuales por Entidad Federativa. Entidad y Subsector,Estatal,2025,05,212,1337365,Disponible,Cifras Preliminares.
Exportaciones Anuales por Entidad Federativa. Entidad y Subsector,Estatal,2025,05,311,421467,Disponible,Cifras Preliminares.
Exportaciones Anuales por Entidad Federativa. Entidad y Subsector,Estatal,2025,05,312,3458676,Disponible,Cifras Preliminares.
Exportaciones Anuales por Entidad Federativa. Entidad y Subsector,Estatal,2025,05,313,33555,Disponible,Cifras Preliminares.
Exportaciones Anuales por Entidad Federativa. Entidad y Subsector,Estatal,2025,05,314,265905,Disponible,Cifras Preliminares.
Exportaciones Anuales por Entidad Federativa. Entidad y Subsector,Estatal,2025,05,315,535817,Disponible,Cifras Preliminares.
Exportaciones Anuales por Entidad Federativa. Entidad y Subsector,Estatal,2025,05,316,24022,Disponible,Cifras Preliminares.
Exportaciones Anuales por Entidad Federativa. Entidad y Subsector,Estatal,2025,05,321,,Confidencial,Cifras Preliminares.
Exportaciones Anuales por Entidad Federativa. Entidad y Subsector,Estatal,2025,05,322,41863,Disponible,Cifras Preliminares.
Exportaciones Anuales por Entidad Federativa. Entidad y Subsector,Estatal,2025,05,323,,Confidencial,Cifras Preliminares.
Exportaciones Anuales por Entidad Federativa. Entidad y Subsector,Estatal,2025,05,324,,Confidencial,Cifras Preliminares.
Exportaciones Anuales por Entidad Federativa. Entidad y Subsector,Estatal,2025,05,325,81751,Disponible,Cifras Preliminares.
Exportaciones Anuales por Entidad Federativa. Entidad y Subsector,Estatal,2025,05,326,1251908,Disponible,Cifras Preliminares.
Exportaciones Anuales por Entidad Federativa. Entidad y Subsector,Estatal,2025,05,327,84814,Disponible,Cifras Preliminares.
Exportaciones Anuales por Entidad Federativa. Entidad y Subsector,Estatal,2025,05,331,6371283,Disponible,Cifras Preliminares.
Exportaciones Anuales por Entidad Federativa. Entidad y Subsector,Estatal,2025,05,332,2072306,Disponible,Cifras Preliminares.
Exportaciones Anuales por Entidad Federativa. Entidad y Subsector,Estatal,2025,05,333,4206893,Disponible,Cifras Preliminares.
Exportaciones Anuales por Entidad Federativa. Entidad y Subsector,Estatal,2025,05,334,691072,Disponible,Cifras Preliminares.
Exportaciones Anuales por Entidad Federativa. Entidad y Subsector,Estatal,2025,05,335,2669238,Disponible,Cifras Preliminares.
Exportaciones Anuales por Entidad Federativa. Entidad y Subsector,Estatal,2025,05,336,40785200,Disponible,Cifras Preliminares.
Exportaciones Anuales por Entidad Federativa. Entidad y Subsector,Estatal,2025,05,337,816857,Disponible,Cifras Preliminares.
Exportaciones Anuales por Entidad Federativa. Entidad y Subsector,Estatal,2025,05,339,219483,Disponible,Cifras Preliminares.
Exportaciones Anuales por Entidad Federativa. Entidad y Subsector,Estatal,2025,06,211,,No disponible,Cifras Preliminares.
Exportaciones Anuales por Entidad Federativa. Entidad y Subsector,Estatal,2025,06,212,,Confidencial,Cifras Preliminares.
Exportaciones Anuales por Entidad Federativa. Entidad y Subsector,Estatal,2025,06,311,182211,Disponible,Cifras Preliminares.
Exportaciones Anuales por Entidad Federativa. Entidad y Subsector,Estatal,2025,06,312,,Confidencial,Cifras Preliminares.
Exportaciones Anuales por Entidad Federativa. Entidad y Subsector,Estatal,2025,06,313,,No disponible,Cifras Preliminares.
Exportaciones Anuales por Entidad Federativa. Entidad y Subsector,Estatal,2025,06,314,,No disponible,Cifras Preliminares.
Exportaciones Anuales por Entidad Federativa. Entidad y Subsector,Estatal,2025,06,315,,No disponible,Cifras Preliminares.
Exportaciones Anuales por Entidad Federativa. Entidad y Subsector,Estatal,2025,06,316,,No disponible,Cifras Preliminares.
Exportaciones Anuales por Entidad Federativa. Entidad y Subsector,Estatal,2025,06,321,,No disponible,Cifras Preliminares.
Exportaciones Anuales por Entidad Federativa. Entidad y Subsector,Estatal,2025,06,322,,No disponible,Cifras Preliminares.
Exportaciones Anuales por Entidad Federativa. Entidad y Subsector,Estatal,2025,06,323,,No disponible,Cifras Preliminares.
Exportaciones Anuales por Entidad Federativa. Entidad y Subsector,Estatal,2025,06,324,,No disponible,Cifras Preliminares.
Exportaciones Anuales por Entidad Federativa. Entidad y Subsector,Estatal,2025,06,325,,No disponible,Cifras Preliminares.
Exportaciones Anuales por Entidad Federativa. Entidad y Subsector,Estatal,2025,06,326,,Confidencial,Cifras Preliminares.
Exportaciones Anuales por Entidad Federativa. Entidad y Subsector,Estatal,2025,06,327,,Confidencial,Cifras Preliminares.
Exportaciones Anuales por Entidad Federativa. Entidad y Subsector,Estatal,2025,06,331,,Confidencial,Cifras Preliminares.
Exportaciones Anuales por Entidad Federativa. Entidad y Subsector,Estatal,2025,06,332,,No disponible,Cifras Preliminares.
Exportaciones Anuales por Entidad Federativa. Entidad y Subsector,Estatal,2025,06,333,,No disponible,Cifras Preliminares.
Exportaciones Anuales por Entidad Federativa. Entidad y Subsector,Estatal,2025,06,334,,No disponible,Cifras Preliminares.
Exportaciones Anuales por Entidad Federativa. Entidad y Subsector,Estatal,2025,06,335,,No disponible,Cifras Preliminares.
Exportaciones Anuales por Entidad Federativa. Entidad y Subsector,Estatal,2025,06,336,,Confidencial,Cifras Preliminares.
Exportaciones Anuales por Entidad Federativa. Entidad y Subsector,Estatal,2025,06,337,,No disponible,Cifras Preliminares.
Exportaciones Anuales por Entidad Federativa. Entidad y Subsector,Estatal,2025,06,339,,No disponible,Cifras Preliminares.
Exportaciones Anuales por Entidad Federativa. Entidad y Subsector,Estatal,2025,07,211,418486,Disponible,Cifras Preliminares.
Exportaciones Anuales por Entidad Federativa. Entidad y Subsector,Estatal,2025,07,212,,No disponible,Cifras Preliminares.
Exportaciones Anuales por Entidad Federativa. Entidad y Subsector,Estatal,2025,07,311,229867,Disponible,Cifras Preliminares.
Exportaciones Anuales por Entidad Federativa. Entidad y Subsector,Estatal,2025,07,312,,Confidencial,Cifras Preliminares.
Exportaciones Anuales por Entidad Federativa. Entidad y Subsector,Estatal,2025,07,313,,No disponible,Cifras Preliminares.
Exportaciones Anuales por Entidad Federativa. Entidad y Subsector,Estatal,2025,07,314,,No disponible,Cifras Preliminares.
Exportaciones Anuales por Entidad Federativa. Entidad y Subsector,Estatal,2025,07,315,,No disponible,Cifras Preliminares.
Exportaciones Anuales por Entidad Federativa. Entidad y Subsector,Estatal,2025,07,316,,No disponible,Cifras Preliminares.
Exportaciones Anuales por Entidad Federativa. Entidad y Subsector,Estatal,2025,07,321,,No disponible,Cifras Preliminares.
Exportaciones Anuales por Entidad Federativa. Entidad y Subsector,Estatal,2025,07,322,,Confidencial,Cifras Preliminares.
Exportaciones Anuales por Entidad Federativa. Entidad y Subsector,Estatal,2025,07,323,,No disponible,Cifras Preliminares.
Exportaciones Anuales por Entidad Federativa. Entidad y Subsector,Estatal,2025,07,324,,No disponible,Cifras Preliminares.
Exportaciones Anuales por Entidad Federativa. Entidad y Subsector,Estatal,2025,07,325,,Confidencial,Cifras Preliminares.
Exportaciones Anuales por Entidad Federativa. Entidad y Subsector,Estatal,2025,07,326,,Confidencial,Cifras Preliminares.
Exportaciones Anuales por Entidad Federativa. Entidad y Subsector,Estatal,2025,07,327,1,Disponible,Cifras Preliminares.
Exportaciones Anuales por Entidad Federativa. Entidad y Subsector,Estatal,2025,07,331,,No disponible,Cifras Preliminares.
Exportaciones Anuales por Entidad Federativa. Entidad y Subsector,Estatal,2025,07,332,,Confidencial,Cifras Preliminares.
Exportaciones Anuales por Entidad Federativa. Entidad y Subsector,Estatal,2025,07,333,,No disponible,Cifras Preliminares.
Exportaciones Anuales por Entidad Federativa. Entidad y Subsector,Estatal,2025,07,334,,No disponible,Cifras Preliminares.
Exportaciones Anuales por Entidad Federativa. Entidad y Subsector,Estatal,2025,07,335,,No disponible,Cifras Preliminares.
Exportaciones Anuales por Entidad Federativa. Entidad y Subsector,Estatal,2025,07,336,130773,Disponible,Cifras Preliminares.
Exportaciones Anuales por Entidad Federativa. Entidad y Subsector,Estatal,2025,07,337,,No disponible,Cifras Preliminares.
Exportaciones Anuales por Entidad Federativa. Entidad y Subsector,Estatal,2025,07,339,,No disponible,Cifras Preliminares.
Exportaciones Anuales por Entidad Federativa. Entidad y Subsector,Estatal,2025,08,211,,No disponible,Cifras Preliminares.
Exportaciones Anuales por Entidad Federativa. Entidad y Subsector,Estatal,2025,08,212,728076,Disponible,Cifras Preliminares.
Exportaciones Anuales por Entidad Federativa. Entidad y Subsector,Estatal,2025,08,311,987532,Disponible,Cifras Preliminares.
Exportaciones Anuales por Entidad Federativa. Entidad y Subsector,Estatal,2025,08,312,89052,Disponible,Cifras Preliminares.
Exportaciones Anuales por Entidad Federativa. Entidad y Subsector,Estatal,2025,08,313,,Confidencial,Cifras Preliminares.
Exportaciones Anuales por Entidad Federativa. Entidad y Subsector,Estatal,2025,08,314,,Confidencial,Cifras Preliminares.
Exportaciones Anuales por Entidad Federativa. Entidad y Subsector,Estatal,2025,08,315,47254,Disponible,Cifras Preliminares.
Exportaciones Anuales por Entidad Federativa. Entidad y Subsector,Estatal,2025,08,316,176163,Disponible,Cifras Preliminares.
Exportaciones Anuales por Entidad Federativa. Entidad y Subsector,Estatal,2025,08,321,44788,Disponible,Cifras Preliminares.
Exportaciones Anuales por Entidad Federativa. Entidad y Subsector,Estatal,2025,08,322,90426,Disponible,Cifras Preliminares.
Exportaciones Anuales por Entidad Federativa. Entidad y Subsector,Estatal,2025,08,323,9703,Disponible,Cifras Preliminares.
Exportaciones Anuales por Entidad Federativa. Entidad y Subsector,Estatal,2025,08,324,82,Disponible,Cifras Preliminares.
Exportaciones Anuales por Entidad Federativa. Entidad y Subsector,Estatal,2025,08,325,494839,Disponible,Cifras Preliminares.
Exportaciones Anuales por Entidad Federativa. Entidad y Subsector,Estatal,2025,08,326,963505,Disponible,Cifras Preliminares.
Exportaciones Anuales por Entidad Federativa. Entidad y Subsector,Estatal,2025,08,327,1582652,Disponible,Cifras Preliminares.
Exportaciones Anuales por Entidad Federativa. Entidad y Subsector,Estatal,2025,08,331,339556,Disponible,Cifras Preliminares.
Exportaciones Anuales por Entidad Federativa. Entidad y Subsector,Estatal,2025,08,332,1925545,Disponible,Cifras Preliminares.
Exportaciones Anuales por Entidad Federativa. Entidad y Subsector,Estatal,2025,08,333,4171583,Disponible,Cifras Preliminares.
Exportaciones Anuales por Entidad Federativa. Entidad y Subsector,Estatal,2025,08,334,65701302,Disponible,Cifras Preliminares.
Exportaciones Anuales por Entidad Federativa. Entidad y Subsector,Estatal,2025,08,335,5186743,Disponible,Cifras Preliminares.
Exportaciones Anuales por Entidad Federativa. Entidad y Subsector,Estatal,2025,08,336,17527616,Disponible,Cifras Preliminares.
Exportaciones Anuales por Entidad Federativa. Entidad y Subsector,Estatal,2025,08,337,153246,Disponible,Cifras Preliminares.
Exportaciones Anuales por Entidad Federativa. Entidad y Subsector,Estatal,2025,08,339,8309795,Disponible,Cifras Preliminares.
Exportaciones Anuales por Entidad Federativa. Entidad y Subsector,Estatal,2025,09,211,,No disponible,Cifras Preliminares.
Exportaciones Anuales por Entidad Federativa. Entidad y Subsector,Estatal,2025,09,212,,No disponible,Cifras Preliminares.
Exportaciones Anuales por Entidad Federativa. Entidad y Subsector,Estatal,2025,09,311,193637,Disponible,Cifras Preliminares.
Exportaciones Anuales por Entidad Federativa. Entidad y Subsector,Estatal,2025,09,312,,Confidencial,Cifras Preliminares.
Exportaciones Anuales por Entidad Federativa. Entidad y Subsector,Estatal,2025,09,313,8224,Disponible,Cifras Preliminares.
Exportaciones Anuales por Entidad Federativa. Entidad y Subsector,Estatal,2025,09,314,,Confidencial,Cifras Preliminares.
Exportaciones Anuales por Entidad Federativa. Entidad y Subsector,Estatal,2025,09,315,56275,Disponible,Cifras Preliminares.
Exportaciones Anuales por Entidad Federativa. Entidad y Subsector,Estatal,2025,09,316,4065,Disponible,Cifras Preliminares.
Exportaciones Anuales por Entidad Federativa. Entidad y Subsector,Estatal,2025,09,321,,Confidencial,Cifras Preliminares.
Exportaciones Anuales por Entidad Federativa. Entidad y Subsector,Estatal,2025,09,322,21330,Disponible,Cifras Preliminares.
Exportaciones Anuales por Entidad Federativa. Entidad y Subsector,Estatal,2025,09,323,191354,Disponible,Cifras Preliminares.
Exportaciones Anuales por Entidad Federativa. Entidad y Subsector,Estatal,2025,09,324,,Confidencial,Cifras Preliminares.
Exportaciones Anuales por Entidad Federativa. Entidad y Subsector,Estatal,2025,09,325,1803080,Disponible,Cifras Preliminares.
Exportaciones Anuales por Entidad Federativa. Entidad y Subsector,Estatal,2025,09,326,85292,Disponible,Cifras Preliminares.
Exportaciones Anuales por Entidad Federativa. Entidad y Subsector,Estatal,2025,09,327,22483,Disponible,Cifras Preliminares.
Exportaciones Anuales por Entidad Federativa. Entidad y Subsector,Estatal,2025,09,331,29217,Disponible,Cifras Preliminares.
Exportaciones Anuales por Entidad Federativa. Entidad y Subsector,Estatal,2025,09,332,100170,Disponible,Cifras Preliminares.
Exportaciones Anuales por Entidad Federativa. Entidad y Subsector,Estatal,2025,09,333,33285,Disponible,Cifras Preliminares.
Exportaciones Anuales por Entidad Federativa. Entidad y Subsector,Estatal,2025,09,334,59681,Disponible,Cifras Preliminares.
Exportaciones Anuales por Entidad Federativa. Entidad y Subsector,Estatal,2025,09,335,511779,Disponible,Cifras Preliminares.
Exportaciones Anuales por Entidad Federativa. Entidad y Subsector,Estatal,2025,09,336,128315,Disponible,Cifras Preliminares.
Exportaciones Anuales por Entidad Federativa. Entidad y Subsector,Estatal,2025,09,337,7719,Disponible,Cifras Preliminares.
Exportaciones Anuales por Entidad Federativa. Entidad y Subsector,Estatal,2025,09,339,36139,Disponible,Cifras Preliminares.
Exportaciones Anuales por Entidad Federativa. Entidad y Subsector,Estatal,2025,10,211,,No disponible,Cifras Preliminares.
Exportaciones Anuales por Entidad Federativa. Entidad y Subsector,Estatal,2025,10,212,519857,Disponible,Cifras Preliminares.
Exportaciones Anuales por Entidad Federativa. Entidad y Subsector,Estatal,2025,10,311,398593,Disponible,Cifras Preliminares.
Exportaciones Anuales por Entidad Federativa. Entidad y Subsector,Estatal,2025,10,312,,Confidencial,Cifras Preliminares.
Exportaciones Anuales por Entidad Federativa. Entidad y Subsector,Estatal,2025,10,313,,No disponible,Cifras Preliminares.
Exportaciones Anuales por Entidad Federativa. Entidad y Subsector,Estatal,2025,10,314,,No disponible,Cifras Preliminares.
Exportaciones Anuales por Entidad Federativa. Entidad y Subsector,Estatal,2025,10,315,129975,Disponible,Cifras Preliminares.
Exportaciones Anuales por Entidad Federativa. Entidad y Subsector,Estatal,2025,10,316,,Confidencial,Cifras Preliminares.
Exportaciones Anuales por Entidad Federativa. Entidad y Subsector,Estatal,2025,10,321,115151,Disponible,Cifras Preliminares.
Exportaciones Anuales por Entidad Federativa. Entidad y Subsector,Estatal,2025,10,322,,Confidencial,Cifras Preliminares.
Exportaciones Anuales por Entidad Federativa. Entidad y Subsector,Estatal,2025,10,323,,Confidencial,Cifras Preliminares.
Exportaciones Anuales por Entidad Federativa. Entidad y Subsector,Estatal,2025,10,324,,No disponible,Cifras Preliminares.
Exportaciones Anuales por Entidad Federativa. Entidad y Subsector,Estatal,2025,10,325,,Confidencial,Cifras Preliminares.
Exportaciones Anuales por Entidad Federativa. Entidad y Subsector,Estatal,2025,10,326,97969,Disponible,Cifras Preliminares.
Exportaciones Anuales por Entidad Federativa. Entidad y Subsector,Estatal,2025,10,327,9346,Disponible,Cifras Preliminares.
Exportaciones Anuales por Entidad Federativa. Entidad y Subsector,Estatal,2025,10,331,106055,Disponible,Cifras Preliminares.
Exportaciones Anuales por Entidad Federativa. Entidad y Subsector,Estatal,2025,10,332,51419,Disponible,Cifras Preliminares.
Exportaciones Anuales por Entidad Federativa. Entidad y Subsector,Estatal,2025,10,333,13888,Disponible,Cifras Preliminares.
Exportaciones Anuales por Entidad Federativa. Entidad y Subsector,Estatal,2025,10,334,,Confidencial,Cifras Preliminares.
Exportaciones Anuales por Entidad Federativa. Entidad y Subsector,Estatal,2025,10,335,117591,Disponible,Cifras Preliminares.
Exportaciones Anuales por Entidad Federativa. Entidad y Subsector,Estatal,2025,10,336,1181533,Disponible,Cifras Preliminares.
Exportaciones Anuales por Entidad Federativa. Entidad y Subsector,Estatal,2025,10,337,75529,Disponible,Cifras Preliminares.
Exportaciones Anuales por Entidad Federativa. Entidad y Subsector,Estatal,2025,10,339,,No disponible,Cifras Preliminares.
Exportaciones Anuales por Entidad Federativa. Entidad y Subsector,Estatal,2025,11,211,,No disponible,Cifras Preliminares.
Exportaciones Anuales por Entidad Federativa. Entidad y Subsector,Estatal,2025,11,212,,No disponible,Cifras Preliminares.
Exportaciones Anuales por Entidad Federativa. Entidad y Subsector,Estatal,2025,11,311,1447428,Disponible,Cifras Preliminares.
Exportaciones Anuales por Entidad Federativa. Entidad y Subsector,Estatal,2025,11,312,67,Disponible,Cifras Preliminares.
Exportaciones Anuales por Entidad Federativa. Entidad y Subsector,Estatal,2025,11,313,36043,Disponible,Cifras Preliminares.
Exportaciones Anuales por Entidad Federativa. Entidad y Subsector,Estatal,2025,11,314,64890,Disponible,Cifras Preliminares.
Exportaciones Anuales por Entidad Federativa. Entidad y Subsector,Estatal,2025,11,315,75743,Disponible,Cifras Preliminares.
Exportaciones Anuales por Entidad Federativa. Entidad y Subsector,Estatal,2025,11,316,690050,Disponible,Cifras Preliminares.
Exportaciones Anuales por Entidad Federativa. Entidad y Subsector,Estatal,2025,11,321,,No disponible,Cifras Preliminares.
Exportaciones Anuales por Entidad Federativa. Entidad y Subsector,Estatal,2025,11,322,,Confidencial,Cifras Preliminares.
Exportaciones Anuales por Entidad Federativa. Entidad y Subsector,Estatal,2025,11,323,140665,Disponible,Cifras Preliminares.
Exportaciones Anuales por Entidad Federativa. Entidad y Subsector,Estatal,2025,11,324,,Confidencial,Cifras Preliminares.
Exportaciones Anuales por Entidad Federativa. Entidad y Subsector,Estatal,2025,11,325,715323,Disponible,Cifras Preliminares.
Exportaciones Anuales por Entidad Federativa. Entidad y Subsector,Estatal,2025,11,326,1925977,Disponible,Cifras Preliminares.
Exportaciones Anuales por Entidad Federativa. Entidad y Subsector,Estatal,2025,11,327,29409,Disponible,Cifras Preliminares.
Exportaciones Anuales por Entidad Federativa. Entidad y Subsector,Estatal,2025,11,331,636720,Disponible,Cifras Preliminares.
Exportaciones Anuales por Entidad Federativa. Entidad y Subsector,Estatal,2025,11,332,753596,Disponible,Cifras Preliminares.
Exportaciones Anuales por Entidad Federativa. Entidad y Subsector,Estatal,2025,11,333,282606,Disponible,Cifras Preliminares.
Exportaciones Anuales por Entidad Federativa. Entidad y Subsector,Estatal,2025,11,334,184667,Disponible,Cifras Preliminares.
Exportaciones Anuales por Entidad Federativa. Entidad y Subsector,Estatal,2025,11,335,1763980,Disponible,Cifras Preliminares.
Exportaciones Anuales por Entidad Federativa. Entidad y Subsector,Estatal,2025,11,336,27840980,Disponible,Cifras Preliminares.
Exportaciones Anuales por Entidad Federativa. Entidad y Subsector,Estatal,2025,11,337,118656,Disponible,Cifras Preliminares.
Exportaciones Anuales por Entidad Federativa. Entidad y Subsector,Estatal,2025,11,339,21870,Disponible,Cifras Preliminares.
Exportaciones Anuales por Entidad Federativa. Entidad y Subsector,Estatal,2025,12,211,,No disponible,Cifras Preliminares.
Exportaciones Anuales por Entidad Federativa. Entidad y Subsector,Estatal,2025,12,212,,Confidencial,Cifras Preliminares.
Exportaciones Anuales por Entidad Federativa. Entidad y Subsector,Estatal,2025,12,311,,No disponible,Cifras Preliminares.
Exportaciones Anuales por Entidad Federativa. Entidad y Subsector,Estatal,2025,12,312,,Confidencial,Cifras Preliminares.
Exportaciones Anuales por Entidad Federativa. Entidad y Subsector,Estatal,2025,12,313,,No disponible,Cifras Preliminares.
Exportaciones Anuales por Entidad Federativa. Entidad y Subsector,Estatal,2025,12,314,,No disponible,Cifras Preliminares.
Exportaciones Anuales por Entidad Federativa. Entidad y Subsector,Estatal,2025,12,315,,No disponible,Cifras Preliminares.
Exportaciones Anuales por Entidad Federativa. Entidad y Subsector,Estatal,2025,12,316,,No disponible,Cifras Preliminares.
Exportaciones Anuales por Entidad Federativa. Entidad y Subsector,Estatal,2025,12,321,,No disponible,Cifras Preliminares.
Exportaciones Anuales por Entidad Federativa. Entidad y Subsector,Estatal,2025,12,322,,No disponible,Cifras Preliminares.
Exportaciones Anuales por Entidad Federativa. Entidad y Subsector,Estatal,2025,12,323,,No disponible,Cifras Preliminares.
Exportaciones Anuales por Entidad Federativa. Entidad y Subsector,Estatal,2025,12,324,,No disponible,Cifras Preliminares.
Exportaciones Anuales por Entidad Federativa. Entidad y Subsector,Estatal,2025,12,325,,No disponible,Cifras Preliminares.
Exportaciones Anuales por Entidad Federativa. Entidad y Subsector,Estatal,2025,12,326,,No disponible,Cifras Preliminares.
Exportaciones Anuales por Entidad Federativa. Entidad y Subsector,Estatal,2025,12,327,668,Disponible,Cifras Preliminares.
Exportaciones Anuales por Entidad Federativa. Entidad y Subsector,Estatal,2025,12,331,,No disponible,Cifras Preliminares.
Exportaciones Anuales por Entidad Federativa. Entidad y Subsector,Estatal,2025,12,332,,No disponible,Cifras Preliminares.
Exportaciones Anuales por Entidad Federativa. Entidad y Subsector,Estatal,2025,12,333,,No disponible,Cifras Preliminares.
Exportaciones Anuales por Entidad Federativa. Entidad y Subsector,Estatal,2025,12,334,,No disponible,Cifras Preliminares.
Exportaciones Anuales por Entidad Federativa. Entidad y Subsector,Estatal,2025,12,335,,No disponible,Cifras Preliminares.
Exportaciones Anuales por Entidad Federativa. Entidad y Subsector,Estatal,2025,12,336,,No disponible,Cifras Preliminares.
Exportaciones Anuales por Entidad Federativa. Entidad y Subsector,Estatal,2025,12,337,,No disponible,Cifras Preliminares.
Exportaciones Anuales por Entidad Federativa. Entidad y Subsector,Estatal,2025,12,339,,Confidencial,Cifras Preliminares.
Exportaciones Anuales por Entidad Federativa. Entidad y Subsector,Estatal,2025,13,211,,No disponible,Cifras Preliminares.
Exportaciones Anuales por Entidad Federativa. Entidad y Subsector,Estatal,2025,13,212,1292,Disponible,Cifras Preliminares.
Exportaciones Anuales por Entidad Federativa. Entidad y Subsector,Estatal,2025,13,311,83258,Disponible,Cifras Preliminares.
Exportaciones Anuales por Entidad Federativa. Entidad y Subsector,Estatal,2025,13,312,,Confidencial,Cifras Preliminares.
Exportaciones Anuales por Entidad Federativa. Entidad y Subsector,Estatal,2025,13,313,35838,Disponible,Cifras Preliminares.
Exportaciones Anuales por Entidad Federativa. Entidad y Subsector,Estatal,2025,13,314,76,Disponible,Cifras Preliminares.
Exportaciones Anuales por Entidad Federativa. Entidad y Subsector,Estatal,2025,13,315,25019,Disponible,Cifras Preliminares.
Exportaciones Anuales por Entidad Federativa. Entidad y Subsector,Estatal,2025,13,316,,Confidencial,Cifras Preliminares.
Exportaciones Anuales por Entidad Federativa. Entidad y Subsector,Estatal,2025,13,321,,No disponible,Cifras Preliminares.
Exportaciones Anuales por Entidad Federativa. Entidad y Subsector,Estatal,2025,13,322,70939,Disponible,Cifras Preliminares.
Exportaciones Anuales por Entidad Federativa. Entidad y Subsector,Estatal,2025,13,323,,No disponible,Cifras Preliminares.
Exportaciones Anuales por Entidad Federativa. Entidad y Subsector,Estatal,2025,13,324,974234,Disponible,Cifras Preliminares.
Exportaciones Anuales por Entidad Federativa. Entidad y Subsector,Estatal,2025,13,325,84702,Disponible,Cifras Preliminares.
Exportaciones Anuales por Entidad Federativa. Entidad y Subsector,Estatal,2025,13,326,50720,Disponible,Cifras Preliminares.
Exportaciones Anuales por Entidad Federativa. Entidad y Subsector,Estatal,2025,13,327,20875,Disponible,Cifras Preliminares.
Exportaciones Anuales por Entidad Federativa. Entidad y Subsector,Estatal,2025,13,331,113311,Disponible,Cifras Preliminares.
Exportaciones Anuales por Entidad Federativa. Entidad y Subsector,Estatal,2025,13,332,3073,Disponible,Cifras Preliminares.
Exportaciones Anuales por Entidad Federativa. Entidad y Subsector,Estatal,2025,13,333,,Confidencial,Cifras Preliminares.
Exportaciones Anuales por Entidad Federativa. Entidad y Subsector,Estatal,2025,13,334,,No disponible,Cifras Preliminares.
Exportaciones Anuales por Entidad Federativa. Entidad y Subsector,Estatal,2025,13,335,362438,Disponible,Cifras Preliminares.
Exportaciones Anuales por Entidad Federativa. Entidad y Subsector,Estatal,2025,13,336,1166563,Disponible,Cifras Preliminares.
Exportaciones Anuales por Entidad Federativa. Entidad y Subsector,Estatal,2025,13,337,,Confidencial,Cifras Preliminares.
Exportaciones Anuales por Entidad Federativa. Entidad y Subsector,Estatal,2025,13,339,,No disponible,Cifras Preliminares.
Exportaciones Anuales por Entidad Federativa. Entidad y Subsector,Estatal,2025,14,211,,No disponible,Cifras Preliminares.
Exportaciones Anuales por Entidad Federativa. Entidad y Subsector,Estatal,2025,14,212,,Confidencial,Cifras Preliminares.
Exportaciones Anuales por Entidad Federativa. Entidad y Subsector,Estatal,2025,14,311,1350260,Disponible,Cifras Preliminares.
Exportaciones Anuales por Entidad Federativa. Entidad y Subsector,Estatal,2025,14,312,2698085,Disponible,Cifras Preliminares.
Exportaciones Anuales por Entidad Federativa. Entidad y Subsector,Estatal,2025,14,313,24940,Disponible,Cifras Preliminares.
Exportaciones Anuales por Entidad Federativa. Entidad y Subsector,Estatal,2025,14,314,38236,Disponible,Cifras Preliminares.
Exportaciones Anuales por Entidad Federativa. Entidad y Subsector,Estatal,2025,14,315,6301,Disponible,Cifras Preliminares.
Exportaciones Anuales por Entidad Federativa. Entidad y Subsector,Estatal,2025,14,316,6031,Disponible,Cifras Preliminares.
Exportaciones Anuales por Entidad Federativa. Entidad y Subsector,Estatal,2025,14,321,,Confidencial,Cifras Preliminares.
Exportaciones Anuales por Entidad Federativa. Entidad y Subsector,Estatal,2025,14,322,85832,Disponible,Cifras Preliminares.
Exportaciones Anuales por Entidad Federativa. Entidad y Subsector,Estatal,2025,14,323,22813,Disponible,Cifras Preliminares.
Exportaciones Anuales por Entidad Federativa. Entidad y Subsector,Estatal,2025,14,324,12529,Disponible,Cifras Preliminares.
Exportaciones Anuales por Entidad Federativa. Entidad y Subsector,Estatal,2025,14,325,986748,Disponible,Cifras Preliminares.
Exportaciones Anuales por Entidad Federativa. Entidad y Subsector,Estatal,2025,14,326,2424700,Disponible,Cifras Preliminares.
Exportaciones Anuales por Entidad Federativa. Entidad y Subsector,Estatal,2025,14,327,96584,Disponible,Cifras Preliminares.
Exportaciones Anuales por Entidad Federativa. Entidad y Subsector,Estatal,2025,14,331,445695,Disponible,Cifras Preliminares.
Exportaciones Anuales por Entidad Federativa. Entidad y Subsector,Estatal,2025,14,332,479511,Disponible,Cifras Preliminares.
Exportaciones Anuales por Entidad Federativa. Entidad y Subsector,Estatal,2025,14,333,74692,Disponible,Cifras Preliminares.
Exportaciones Anuales por Entidad Federativa. Entidad y Subsector,Estatal,2025,14,334,37864161,Disponible,Cifras Preliminares.
Exportaciones Anuales por Entidad Federativa. Entidad y Subsector,Estatal,2025,14,335,149484,Disponible,Cifras Preliminares.
Exportaciones Anuales por Entidad Federativa. Entidad y Subsector,Estatal,2025,14,336,3969458,Disponible,Cifras Preliminares.
Exportaciones Anuales por Entidad Federativa. Entidad y Subsector,Estatal,2025,14,337,25281,Disponible,Cifras Preliminares.
Exportaciones Anuales por Entidad Federativa. Entidad y Subsector,Estatal,2025,14,339,228539,Disponible,Cifras Preliminares.
Exportaciones Anuales por Entidad Federativa. Entidad y Subsector,Estatal,2025,15,211,,No disponible,Cifras Preliminares.
Exportaciones Anuales por Entidad Federativa. Entidad y Subsector,Estatal,2025,15,212,,Confidencial,Cifras Preliminares.
Exportaciones Anuales por Entidad Federativa. Entidad y Subsector,Estatal,2025,15,311,1544297,Disponible,Cifras Preliminares.
Exportaciones Anuales por Entidad Federativa. Entidad y Subsector,Estatal,2025,15,312,157776,Disponible,Cifras Preliminares.
Exportaciones Anuales por Entidad Federativa. Entidad y Subsector,Estatal,2025,15,313,127597,Disponible,Cifras Preliminares.
Exportaciones Anuales por Entidad Federativa. Entidad y Subsector,Estatal,2025,15,314,35318,Disponible,Cifras Preliminares.
Exportaciones Anuales por Entidad Federativa. Entidad y Subsector,Estatal,2025,15,315,215803,Disponible,Cifras Preliminares.
Exportaciones Anuales por Entidad Federativa. Entidad y Subsector,Estatal,2025,15,316,,Confidencial,Cifras Preliminares.
Exportaciones Anuales por Entidad Federativa. Entidad y Subsector,Estatal,2025,15,321,977,Disponible,Cifras Preliminares.
Exportaciones Anuales por Entidad Federativa. Entidad y Subsector,Estatal,2025,15,322,211289,Disponible,Cifras Preliminares.
Exportaciones Anuales por Entidad Federativa. Entidad y Subsector,Estatal,2025,15,323,42595,Disponible,Cifras Preliminares.
Exportaciones Anuales por Entidad Federativa. Entidad y Subsector,Estatal,2025,15,324,47780,Disponible,Cifras Preliminares.
Exportaciones Anuales por Entidad Federativa. Entidad y Subsector,Estatal,2025,15,325,1886125,Disponible,Cifras Preliminares.
Exportaciones Anuales por Entidad Federativa. Entidad y Subsector,Estatal,2025,15,326,1002716,Disponible,Cifras Preliminares.
Exportaciones Anuales por Entidad Federativa. Entidad y Subsector,Estatal,2025,15,327,216471,Disponible,Cifras Preliminares.
Exportaciones Anuales por Entidad Federativa. Entidad y Subsector,Estatal,2025,15,331,323207,Disponible,Cifras Preliminares.
Exportaciones Anuales por Entidad Federativa. Entidad y Subsector,Estatal,2025,15,332,1005644,Disponible,Cifras Preliminares.
Exportaciones Anuales por Entidad Federativa. Entidad y Subsector,Estatal,2025,15,333,400558,Disponible,Cifras Preliminares.
Exportaciones Anuales por Entidad Federativa. Entidad y Subsector,Estatal,2025,15,334,341334,Disponible,Cifras Preliminares.
Exportaciones Anuales por Entidad Federativa. Entidad y Subsector,Estatal,2025,15,335,668235,Disponible,Cifras Preliminares.
Exportaciones Anuales por Entidad Federativa. Entidad y Subsector,Estatal,2025,15,336,12264600,Disponible,Cifras Preliminares.
Exportaciones Anuales por Entidad Federativa. Entidad y Subsector,Estatal,2025,15,337,27912,Disponible,Cifras Preliminares.
Exportaciones Anuales por Entidad Federativa. Entidad y Subsector,Estatal,2025,15,339,852799,Disponible,Cifras Preliminares.
Exportaciones Anuales por Entidad Federativa. Entidad y Subsector,Estatal,2025,16,211,,No disponible,Cifras Preliminares.
Exportaciones Anuales por Entidad Federativa. Entidad y Subsector,Estatal,2025,16,212,,Confidencial,Cifras Preliminares.
Exportaciones Anuales por Entidad Federativa. Entidad y Subsector,Estatal,2025,16,311,761521,Disponible,Cifras Preliminares.
Exportaciones Anuales por Entidad Federativa. Entidad y Subsector,Estatal,2025,16,312,27321,Disponible,Cifras Preliminares.
Exportaciones Anuales por Entidad Federativa. Entidad y Subsector,Estatal,2025,16,313,,Confidencial,Cifras Preliminares.
Exportaciones Anuales por Entidad Federativa. Entidad y Subsector,Estatal,2025,16,314,,Confidencial,Cifras Preliminares.
Exportaciones Anuales por Entidad Federativa. Entidad y Subsector,Estatal,2025,16,315,,Confidencial,Cifras Preliminares.
Exportaciones Anuales por Entidad Federativa. Entidad y Subsector,Estatal,2025,16,316,,No disponible,Cifras Preliminares.
Exportaciones Anuales por Entidad Federativa. Entidad y Subsector,Estatal,2025,16,321,,Confidencial,Cifras Preliminares.
Exportaciones Anuales por Entidad Federativa. Entidad y Subsector,Estatal,2025,16,322,33645,Disponible,Cifras Preliminares.
Exportaciones Anuales por Entidad Federativa. Entidad y Subsector,Estatal,2025,16,323,,Confidencial,Cifras Preliminares.
Exportaciones Anuales por Entidad Federativa. Entidad y Subsector,Estatal,2025,16,324,,No disponible,Cifras Preliminares.
Exportaciones Anuales por Entidad Federativa. Entidad y Subsector,Estatal,2025,16,325,263258,Disponible,Cifras Preliminares.
Exportaciones Anuales por Entidad Federativa. Entidad y Subsector,Estatal,2025,16,326,70495,Disponible,Cifras Preliminares.
Exportaciones Anuales por Entidad Federativa. Entidad y Subsector,Estatal,2025,16,327,,Confidencial,Cifras Preliminares.
Exportaciones Anuales por Entidad Federativa. Entidad y Subsector,Estatal,2025,16,331,,No disponible,Cifras Preliminares.
Exportaciones Anuales por Entidad Federativa. Entidad y Subsector,Estatal,2025,16,332,13546,Disponible,Cifras Preliminares.
Exportaciones Anuales por Entidad Federativa. Entidad y Subsector,Estatal,2025,16,333,,Confidencial,Cifras Preliminares.
Exportaciones Anuales por Entidad Federativa. Entidad y Subsector,Estatal,2025,16,334,,No disponible,Cifras Preliminares.
Exportaciones Anuales por Entidad Federativa. Entidad y Subsector,Estatal,2025,16,335,,Confidencial,Cifras Preliminares.
Exportaciones Anuales por Entidad Federativa. Entidad y Subsector,Estatal,2025,16,336,,No disponible,Cifras Preliminares.
Exportaciones Anuales por Entidad Federativa. Entidad y Subsector,Estatal,2025,16,337,,No disponible,Cifras Preliminares.
Exportaciones Anuales por Entidad Federativa. Entidad y Subsector,Estatal,2025,16,339,,No disponible,Cifras Preliminares.
Exportaciones Anuales por Entidad Federativa. Entidad y Subsector,Estatal,2025,17,211,,No disponible,Cifras Preliminares.
Exportaciones Anuales por Entidad Federativa. Entidad y Subsector,Estatal,2025,17,212,,No disponible,Cifras Preliminares.
Exportaciones Anuales por Entidad Federativa. Entidad y Subsector,Estatal,2025,17,311,134887,Disponible,Cifras Preliminares.
Exportaciones Anuales por Entidad Federativa. Entidad y Subsector,Estatal,2025,17,312,,Confidencial,Cifras Preliminares.
Exportaciones Anuales por Entidad Federativa. Entidad y Subsector,Estatal,2025,17,313,38408,Disponible,Cifras Preliminares.
Exportaciones Anuales por Entidad Federativa. Entidad y Subsector,Estatal,2025,17,314,,No disponible,Cifras Preliminares.
Exportaciones Anuales por Entidad Federativa. Entidad y Subsector,Estatal,2025,17,315,,Confidencial,Cifras Preliminares.
Exportaciones Anuales por Entidad Federativa. Entidad y Subsector,Estatal,2025,17,316,,No disponible,Cifras Preliminares.
Exportaciones Anuales por Entidad Federativa. Entidad y Subsector,Estatal,2025,17,321,,No disponible,Cifras Preliminares.
Exportaciones Anuales por Entidad Federativa. Entidad y Subsector,Estatal,2025,17,322,7877,Disponible,Cifras Preliminares.
Exportaciones Anuales por Entidad Federativa. Entidad y Subsector,Estatal,2025,17,323,,Confidencial,Cifras Preliminares.
Exportaciones Anuales por Entidad Federativa. Entidad y Subsector,Estatal,2025,17,324,,No disponible,Cifras Preliminares.
Exportaciones Anuales por Entidad Federativa. Entidad y Subsector,Estatal,2025,17,325,403793,Disponible,Cifras Preliminares.
Exportaciones Anuales por Entidad Federativa. Entidad y Subsector,Estatal,2025,17,326,170018,Disponible,Cifras Preliminares.
Exportaciones Anuales por Entidad Federativa. Entidad y Subsector,Estatal,2025,17,327,373231,Disponible,Cifras Preliminares.
Exportaciones Anuales por Entidad Federativa. Entidad y Subsector,Estatal,2025,17,331,,No disponible,Cifras Preliminares.
Exportaciones Anuales por Entidad Federativa. Entidad y Subsector,Estatal,2025,17,332,,Confidencial,Cifras Preliminares.
Exportaciones Anuales por Entidad Federativa. Entidad y Subsector,Estatal,2025,17,333,,Confidencial,Cifras Preliminares.
Exportaciones Anuales por Entidad Federativa. Entidad y Subsector,Estatal,2025,17,334,,Confidencial,Cifras Preliminares.
Exportaciones Anuales por Entidad Federativa. Entidad y Subsector,Estatal,2025,17,335,,No disponible,Cifras Preliminares.
Exportaciones Anuales por Entidad Federativa. Entidad y Subsector,Estatal,2025,17,336,2111608,Disponible,Cifras Preliminares.
Exportaciones Anuales por Entidad Federativa. Entidad y Subsector,Estatal,2025,17,337,,No disponible,Cifras Preliminares.
Exportaciones Anuales por Entidad Federativa. Entidad y Subsector,Estatal,2025,17,339,49997,Disponible,Cifras Preliminares.
Exportaciones Anuales por Entidad Federativa. Entidad y Subsector,Estatal,2025,18,211,,No disponible,Cifras Preliminares.
Exportaciones Anuales por Entidad Federativa. Entidad y Subsector,Estatal,2025,18,212,,Confidencial,Cifras Preliminares.
Exportaciones Anuales por Entidad Federativa. Entidad y Subsector,Estatal,2025,18,311,45963,Disponible,Cifras Preliminares.
Exportaciones Anuales por Entidad Federativa. Entidad y Subsector,Estatal,2025,18,312,,Confidencial,Cifras Preliminares.
Exportaciones Anuales por Entidad Federativa. Entidad y Subsector,Estatal,2025,18,313,,No disponible,Cifras Preliminares.
Exportaciones Anuales por Entidad Federativa. Entidad y Subsector,Estatal,2025,18,314,,No disponible,Cifras Preliminares.
Exportaciones Anuales por Entidad Federativa. Entidad y Subsector,Estatal,2025,18,315,,No disponible,Cifras Preliminares.
Exportaciones Anuales por Entidad Federativa. Entidad y Subsector,Estatal,2025,18,316,,No disponible,Cifras Preliminares.
Exportaciones Anuales por Entidad Federativa. Entidad y Subsector,Estatal,2025,18,321,,No disponible,Cifras Preliminares.
Exportaciones Anuales por Entidad Federativa. Entidad y Subsector,Estatal,2025,18,322,,No disponible,Cifras Preliminares.
Exportaciones Anuales por Entidad Federativa. Entidad y Subsector,Estatal,2025,18,323,,No disponible,Cifras Preliminares.
Exportaciones Anuales por Entidad Federativa. Entidad y Subsector,Estatal,2025,18,324,,No disponible,Cifras Preliminares.
Exportaciones Anuales por Entidad Federativa. Entidad y Subsector,Estatal,2025,18,325,,No disponible,Cifras Preliminares.
Exportaciones Anuales por Entidad Federativa. Entidad y Subsector,Estatal,2025,18,326,,Confidencial,Cifras Preliminares.
Exportaciones Anuales por Entidad Federativa. Entidad y Subsector,Estatal,2025,18,327,,Confidencial,Cifras Preliminares.
Exportaciones Anuales por Entidad Federativa. Entidad y Subsector,Estatal,2025,18,331,,No disponible,Cifras Preliminares.
Exportaciones Anuales por Entidad Federativa. Entidad y Subsector,Estatal,2025,18,332,,No disponible,Cifras Preliminares.
Exportaciones Anuales por Entidad Federativa. Entidad y Subsector,Estatal,2025,18,333,,No disponible,Cifras Preliminares.
Exportaciones Anuales por Entidad Federativa. Entidad y Subsector,Estatal,2025,18,334,,No disponible,Cifras Preliminares.
Exportaciones Anuales por Entidad Federativa. Entidad y Subsector,Estatal,2025,18,335,,No disponible,Cifras Preliminares.
Exportaciones Anuales por Entidad Federativa. Entidad y Subsector,Estatal,2025,18,336,121570,Disponible,Cifras Preliminares.
Exportaciones Anuales por Entidad Federativa. Entidad y Subsector,Estatal,2025,18,337,,No disponible,Cifras Preliminares.
Exportaciones Anuales por Entidad Federativa. Entidad y Subsector,Estatal,2025,18,339,,No disponible,Cifras Preliminares.
Exportaciones Anuales por Entidad Federativa. Entidad y Subsector,Estatal,2025,19,211,,No disponible,Cifras Preliminares.
Exportaciones Anuales por Entidad Federativa. Entidad y Subsector,Estatal,2025,19,212,71890,Disponible,Cifras Preliminares.
Exportaciones Anuales por Entidad Federativa. Entidad y Subsector,Estatal,2025,19,311,2306992,Disponible,Cifras Preliminares.
Exportaciones Anuales por Entidad Federativa. Entidad y Subsector,Estatal,2025,19,312,542232,Disponible,Cifras Preliminares.
Exportaciones Anuales por Entidad Federativa. Entidad y Subsector,Estatal,2025,19,313,,Confidencial,Cifras Preliminares.
Exportaciones Anuales por Entidad Federativa. Entidad y Subsector,Estatal,2025,19,314,47922,Disponible,Cifras Preliminares.
Exportaciones Anuales por Entidad Federativa. Entidad y Subsector,Estatal,2025,19,315,8353,Disponible,Cifras Preliminares.
Exportaciones Anuales por Entidad Federativa. Entidad y Subsector,Estatal,2025,19,316,,Confidencial,Cifras Preliminares.
Exportaciones Anuales por Entidad Federativa. Entidad y Subsector,Estatal,2025,19,321,107472,Disponible,Cifras Preliminares.
Exportaciones Anuales por Entidad Federativa. Entidad y Subsector,Estatal,2025,19,322,338452,Disponible,Cifras Preliminares.
Exportaciones Anuales por Entidad Federativa. Entidad y Subsector,Estatal,2025,19,323,33562,Disponible,Cifras Preliminares.
Exportaciones Anuales por Entidad Federativa. Entidad y Subsector,Estatal,2025,19,324,514201,Disponible,Cifras Preliminares.
Exportaciones Anuales por Entidad Federativa. Entidad y Subsector,Estatal,2025,19,325,630224,Disponible,Cifras Preliminares.
Exportaciones Anuales por Entidad Federativa. Entidad y Subsector,Estatal,2025,19,326,1489296,Disponible,Cifras Preliminares.
Exportaciones Anuales por Entidad Federativa. Entidad y Subsector,Estatal,2025,19,327,1107290,Disponible,Cifras Preliminares.
Exportaciones Anuales por Entidad Federativa. Entidad y Subsector,Estatal,2025,19,331,2274979,Disponible,Cifras Preliminares.
Exportaciones Anuales por Entidad Federativa. Entidad y Subsector,Estatal,2025,19,332,2039318,Disponible,Cifras Preliminares.
Exportaciones Anuales por Entidad Federativa. Entidad y Subsector,Estatal,2025,19,333,8076817,Disponible,Cifras Preliminares.
Exportaciones Anuales por Entidad Federativa. Entidad y Subsector,Estatal,2025,19,334,7638457,Disponible,Cifras Preliminares.
Exportaciones Anuales por Entidad Federativa. Entidad y Subsector,Estatal,2025,19,335,10291196,Disponible,Cifras Preliminares.
Exportaciones Anuales por Entidad Federativa. Entidad y Subsector,Estatal,2025,19,336,18868666,Disponible,Cifras Preliminares.
Exportaciones Anuales por Entidad Federativa. Entidad y Subsector,Estatal,2025,19,337,442825,Disponible,Cifras Preliminares.
Exportaciones Anuales por Entidad Federativa. Entidad y Subsector,Estatal,2025,19,339,2157198,Disponible,Cifras Preliminares.
Exportaciones Anuales por Entidad Federativa. Entidad y Subsector,Estatal,2025,20,211,,No disponible,Cifras Preliminares.
Exportaciones Anuales por Entidad Federativa. Entidad y Subsector,Estatal,2025,20,212,,Confidencial,Cifras Preliminares.
Exportaciones Anuales por Entidad Federativa. Entidad y Subsector,Estatal,2025,20,311,,Confidencial,Cifras Preliminares.
Exportaciones Anuales por Entidad Federativa. Entidad y Subsector,Estatal,2025,20,312,,Confidencial,Cifras Preliminares.
Exportaciones Anuales por Entidad Federativa. Entidad y Subsector,Estatal,2025,20,313,,No disponible,Cifras Preliminares.
Exportaciones Anuales por Entidad Federativa. Entidad y Subsector,Estatal,2025,20,314,,No disponible,Cifras Preliminares.
Exportaciones Anuales por Entidad Federativa. Entidad y Subsector,Estatal,2025,20,315,,No disponible,Cifras Preliminares.
Exportaciones Anuales por Entidad Federativa. Entidad y Subsector,Estatal,2025,20,316,,No disponible,Cifras Preliminares.
Exportaciones Anuales por Entidad Federativa. Entidad y Subsector,Estatal,2025,20,321,,No disponible,Cifras Preliminares.
Exportaciones Anuales por Entidad Federativa. Entidad y Subsector,Estatal,2025,20,322,,Confidencial,Cifras Preliminares.
Exportaciones Anuales por Entidad Federativa. Entidad y Subsector,Estatal,2025,20,323,,No disponible,Cifras Preliminares.
Exportaciones Anuales por Entidad Federativa. Entidad y Subsector,Estatal,2025,20,324,,Confidencial,Cifras Preliminares.
Exportaciones Anuales por Entidad Federativa. Entidad y Subsector,Estatal,2025,20,325,14278,Disponible,Cifras Preliminares.
Exportaciones Anuales por Entidad Federativa. Entidad y Subsector,Estatal,2025,20,326,,No disponible,Cifras Preliminares.
Exportaciones Anuales por Entidad Federativa. Entidad y Subsector,Estatal,2025,20,327,3,Disponible,Cifras Preliminares.
Exportaciones Anuales por Entidad Federativa. Entidad y Subsector,Estatal,2025,20,331,,No disponible,Cifras Preliminares.
Exportaciones Anuales por Entidad Federativa. Entidad y Subsector,Estatal,2025,20,332,,No disponible,Cifras Preliminares.
Exportaciones Anuales por Entidad Federativa. Entidad y Subsector,Estatal,2025,20,333,,No disponible,Cifras Preliminares.
Exportaciones Anuales por Entidad Federativa. Entidad y Subsector,Estatal,2025,20,334,,No disponible,Cifras Preliminares.
Exportaciones Anuales por Entidad Federativa. Entidad y Subsector,Estatal,2025,20,335,,No disponible,Cifras Preliminares.
Exportaciones Anuales por Entidad Federativa. Entidad y Subsector,Estatal,2025,20,336,,No disponible,Cifras Preliminares.
Exportaciones Anuales por Entidad Federativa. Entidad y Subsector,Estatal,2025,20,337,,No disponible,Cifras Preliminares.
Exportaciones Anuales por Entidad Federativa. Entidad y Subsector,Estatal,2025,20,339,,Confidencial,Cifras Preliminares.
Exportaciones Anuales por Entidad Federativa. Entidad y Subsector,Estatal,2025,21,211,,No disponible,Cifras Preliminares.
Exportaciones Anuales por Entidad Federativa. Entidad y Subsector,Estatal,2025,21,212,,No disponible,Cifras Preliminares.
Exportaciones Anuales por Entidad Federativa. Entidad y Subsector,Estatal,2025,21,311,907633,Disponible,Cifras Preliminares.
Exportaciones Anuales por Entidad Federativa. Entidad y Subsector,Estatal,2025,21,312,,Confidencial,Cifras Preliminares.
Exportaciones Anuales por Entidad Federativa. Entidad y Subsector,Estatal,2025,21,313,194243,Disponible,Cifras Preliminares.
Exportaciones Anuales por Entidad Federativa. Entidad y Subsector,Estatal,2025,21,314,30771,Disponible,Cifras Preliminares.
Exportaciones Anuales por Entidad Federativa. Entidad y Subsector,Estatal,2025,21,315,293187,Disponible,Cifras Preliminares.
Exportaciones Anuales por Entidad Federativa. Entidad y Subsector,Estatal,2025,21,316,,Confidencial,Cifras Preliminares.
Exportaciones Anuales por Entidad Federativa. Entidad y Subsector,Estatal,2025,21,321,83,Disponible,Cifras Preliminares.
Exportaciones Anuales por Entidad Federativa. Entidad y Subsector,Estatal,2025,21,322,74364,Disponible,Cifras Preliminares.
Exportaciones Anuales por Entidad Federativa. Entidad y Subsector,Estatal,2025,21,323,,Confidencial,Cifras Preliminares.
Exportaciones Anuales por Entidad Federativa. Entidad y Subsector,Estatal,2025,21,324,,No disponible,Cifras Preliminares.
Exportaciones Anuales por Entidad Federativa. Entidad y Subsector,Estatal,2025,21,325,226136,Disponible,Cifras Preliminares.
Exportaciones Anuales por Entidad Federativa. Entidad y Subsector,Estatal,2025,21,326,552573,Disponible,Cifras Preliminares.
Exportaciones Anuales por Entidad Federativa. Entidad y Subsector,Estatal,2025,21,327,17500,Disponible,Cifras Preliminares.
Exportaciones Anuales por Entidad Federativa. Entidad y Subsector,Estatal,2025,21,331,66651,Disponible,Cifras Preliminares.
Exportaciones Anuales por Entidad Federativa. Entidad y Subsector,Estatal,2025,21,332,386249,Disponible,Cifras Preliminares.
Exportaciones Anuales por Entidad Federativa. Entidad y Subsector,Estatal,2025,21,333,63199,Disponible,Cifras Preliminares.
Exportaciones Anuales por Entidad Federativa. Entidad y Subsector,Estatal,2025,21,334,,No disponible,Cifras Preliminares.
Exportaciones Anuales por Entidad Federativa. Entidad y Subsector,Estatal,2025,21,335,,Confidencial,Cifras Preliminares.
Exportaciones Anuales por Entidad Federativa. Entidad y Subsector,Estatal,2025,21,336,13894982,Disponible,Cifras Preliminares.
Exportaciones Anuales por Entidad Federativa. Entidad y Subsector,Estatal,2025,21,337,24061,Disponible,Cifras Preliminares.
Exportaciones Anuales por Entidad Federativa. Entidad y Subsector,Estatal,2025,21,339,19066,Disponible,Cifras Preliminares.
Exportaciones Anuales por Entidad Federativa. Entidad y Subsector,Estatal,2025,22,211,,No disponible,Cifras Preliminares.
Exportaciones Anuales por Entidad Federativa. Entidad y Subsector,Estatal,2025,22,212,,Confidencial,Cifras Preliminares.
Exportaciones Anuales por Entidad Federativa. Entidad y Subsector,Estatal,2025,22,311,371312,Disponible,Cifras Preliminares.
Exportaciones Anuales por Entidad Federativa. Entidad y Subsector,Estatal,2025,22,312,21033,Disponible,Cifras Preliminares.
Exportaciones Anuales por Entidad Federativa. Entidad y Subsector,Estatal,2025,22,313,,Confidencial,Cifras Preliminares.
Exportaciones Anuales por Entidad Federativa. Entidad y Subsector,Estatal,2025,22,314,,Confidencial,Cifras Preliminares.
Exportaciones Anuales por Entidad Federativa. Entidad y Subsector,Estatal,2025,22,315,25865,Disponible,Cifras Preliminares.
Exportaciones Anuales por Entidad Federativa. Entidad y Subsector,Estatal,2025,22,316,,No disponible,Cifras Preliminares.
Exportaciones Anuales por Entidad Federativa. Entidad y Subsector,Estatal,2025,22,321,,Confidencial,Cifras Preliminares.
Exportaciones Anuales por Entidad Federativa. Entidad y Subsector,Estatal,2025,22,322,377426,Disponible,Cifras Preliminares.
Exportaciones Anuales por Entidad Federativa. Entidad y Subsector,Estatal,2025,22,323,19340,Disponible,Cifras Preliminares.
Exportaciones Anuales por Entidad Federativa. Entidad y Subsector,Estatal,2025,22,324,,Confidencial,Cifras Preliminares.
Exportaciones Anuales por Entidad Federativa. Entidad y Subsector,Estatal,2025,22,325,386840,Disponible,Cifras Preliminares.
Exportaciones Anuales por Entidad Federativa. Entidad y Subsector,Estatal,2025,22,326,1187205,Disponible,Cifras Preliminares.
Exportaciones Anuales por Entidad Federativa. Entidad y Subsector,Estatal,2025,22,327,178671,Disponible,Cifras Preliminares.
Exportaciones Anuales por Entidad Federativa. Entidad y Subsector,Estatal,2025,22,331,20048,Disponible,Cifras Preliminares.
Exportaciones Anuales por Entidad Federativa. Entidad y Subsector,Estatal,2025,22,332,818651,Disponible,Cifras Preliminares.
Exportaciones Anuales por Entidad Federativa. Entidad y Subsector,Estatal,2025,22,333,1511596,Disponible,Cifras Preliminares.
Exportaciones Anuales por Entidad Federativa. Entidad y Subsector,Estatal,2025,22,334,1354178,Disponible,Cifras Preliminares.
Exportaciones Anuales por Entidad Federativa. Entidad y Subsector,Estatal,2025,22,335,2363825,Disponible,Cifras Preliminares.
Exportaciones Anuales por Entidad Federativa. Entidad y Subsector,Estatal,2025,22,336,9285805,Disponible,Cifras Preliminares.
Exportaciones Anuales por Entidad Federativa. Entidad y Subsector,Estatal,2025,22,337,,Confidencial,Cifras Preliminares.
Exportaciones Anuales por Entidad Federativa. Entidad y Subsector,Estatal,2025,22,339,76821,Disponible,Cifras Preliminares.
Exportaciones Anuales por Entidad Federativa. Entidad y Subsector,Estatal,2025,23,211,,No disponible,Cifras Preliminares.
Exportaciones Anuales por Entidad Federativa. Entidad y Subsector,Estatal,2025,23,212,,No disponible,Cifras Preliminares.
Exportaciones Anuales por Entidad Federativa. Entidad y Subsector,Estatal,2025,23,311,,Confidencial,Cifras Preliminares.
Exportaciones Anuales por Entidad Federativa. Entidad y Subsector,Estatal,2025,23,312,342,Disponible,Cifras Preliminares.
Exportaciones Anuales por Entidad Federativa. Entidad y Subsector,Estatal,2025,23,313,,No disponible,Cifras Preliminares.
Exportaciones Anuales por Entidad Federativa. Entidad y Subsector,Estatal,2025,23,314,,No disponible,Cifras Preliminares.
Exportaciones Anuales por Entidad Federativa. Entidad y Subsector,Estatal,2025,23,315,,No disponible,Cifras Preliminares.
Exportaciones Anuales por Entidad Federativa. Entidad y Subsector,Estatal,2025,23,316,,No disponible,Cifras Preliminares.
Exportaciones Anuales por Entidad Federativa. Entidad y Subsector,Estatal,2025,23,321,,No disponible,Cifras Preliminares.
Exportaciones Anuales por Entidad Federativa. Entidad y Subsector,Estatal,2025,23,322,,No disponible,Cifras Preliminares.
Exportaciones Anuales por Entidad Federativa. Entidad y Subsector,Estatal,2025,23,323,,Confidencial,Cifras Preliminares.
Exportaciones Anuales por Entidad Federativa. Entidad y Subsector,Estatal,2025,23,324,,No disponible,Cifras Preliminares.
Exportaciones Anuales por Entidad Federativa. Entidad y Subsector,Estatal,2025,23,325,,No disponible,Cifras Preliminares.
Exportaciones Anuales por Entidad Federativa. Entidad y Subsector,Estatal,2025,23,326,,Confidencial,Cifras Preliminares.
Exportaciones Anuales por Entidad Federativa. Entidad y Subsector,Estatal,2025,23,327,2,Disponible,Cifras Preliminares.
Exportaciones Anuales por Entidad Federativa. Entidad y Subsector,Estatal,2025,23,331,,No disponible,Cifras Preliminares.
Exportaciones Anuales por Entidad Federativa. Entidad y Subsector,Estatal,2025,23,332,,No disponible,Cifras Preliminares.
Exportaciones Anuales por Entidad Federativa. Entidad y Subsector,Estatal,2025,23,333,,Confidencial,Cifras Preliminares.
Exportaciones Anuales por Entidad Federativa. Entidad y Subsector,Estatal,2025,23,334,,No disponible,Cifras Preliminares.
Exportaciones Anuales por Entidad Federativa. Entidad y Subsector,Estatal,2025,23,335,,No disponible,Cifras Preliminares.
Exportaciones Anuales por Entidad Federativa. Entidad y Subsector,Estatal,2025,23,336,,No disponible,Cifras Preliminares.
Exportaciones Anuales por Entidad Federativa. Entidad y Subsector,Estatal,2025,23,337,,Confidencial,Cifras Preliminares.
Exportaciones Anuales por Entidad Federativa. Entidad y Subsector,Estatal,2025,23,339,,No disponible,Cifras Preliminares.
Exportaciones Anuales por Entidad Federativa. Entidad y Subsector,Estatal,2025,24,211,,No disponible,Cifras Preliminares.
Exportaciones Anuales por Entidad Federativa. Entidad y Subsector,Estatal,2025,24,212,4803,Disponible,Cifras Preliminares.
Exportaciones Anuales por Entidad Federativa. Entidad y Subsector,Estatal,2025,24,311,700925,Disponible,Cifras Preliminares.
Exportaciones Anuales por Entidad Federativa. Entidad y Subsector,Estatal,2025,24,312,,Confidencial,Cifras Preliminares.
Exportaciones Anuales por Entidad Federativa. Entidad y Subsector,Estatal,2025,24,313,36867,Disponible,Cifras Preliminares.
Exportaciones Anuales por Entidad Federativa. Entidad y Subsector,Estatal,2025,24,314,20289,Disponible,Cifras Preliminares.
Exportaciones Anuales por Entidad Federativa. Entidad y Subsector,Estatal,2025,24,315,50422,Disponible,Cifras Preliminares.
Exportaciones Anuales por Entidad Federativa. Entidad y Subsector,Estatal,2025,24,316,142,Disponible,Cifras Preliminares.
Exportaciones Anuales por Entidad Federativa. Entidad y Subsector,Estatal,2025,24,321,7244,Disponible,Cifras Preliminares.
Exportaciones Anuales por Entidad Federativa. Entidad y Subsector,Estatal,2025,24,322,,Confidencial,Cifras Preliminares.
Exportaciones Anuales por Entidad Federativa. Entidad y Subsector,Estatal,2025,24,323,,Confidencial,Cifras Preliminares.
Exportaciones Anuales por Entidad Federativa. Entidad y Subsector,Estatal,2025,24,324,,No disponible,Cifras Preliminares.
Exportaciones Anuales por Entidad Federativa. Entidad y Subsector,Estatal,2025,24,325,224534,Disponible,Cifras Preliminares.
Exportaciones Anuales por Entidad Federativa. Entidad y Subsector,Estatal,2025,24,326,967231,Disponible,Cifras Preliminares.
Exportaciones Anuales por Entidad Federativa. Entidad y Subsector,Estatal,2025,24,327,24183,Disponible,Cifras Preliminares.
Exportaciones Anuales por Entidad Federativa. Entidad y Subsector,Estatal,2025,24,331,588307,Disponible,Cifras Preliminares.
Exportaciones Anuales por Entidad Federativa. Entidad y Subsector,Estatal,2025,24,332,152197,Disponible,Cifras Preliminares.
Exportaciones Anuales por Entidad Federativa. Entidad y Subsector,Estatal,2025,24,333,1713675,Disponible,Cifras Preliminares.
Exportaciones Anuales por Entidad Federativa. Entidad y Subsector,Estatal,2025,24,334,332207,Disponible,Cifras Preliminares.
Exportaciones Anuales por Entidad Federativa. Entidad y Subsector,Estatal,2025,24,335,2373287,Disponible,Cifras Preliminares.
Exportaciones Anuales por Entidad Federativa. Entidad y Subsector,Estatal,2025,24,336,18655641,Disponible,Cifras Preliminares.
Exportaciones Anuales por Entidad Federativa. Entidad y Subsector,Estatal,2025,24,337,13774,Disponible,Cifras Preliminares.
Exportaciones Anuales por Entidad Federativa. Entidad y Subsector,Estatal,2025,24,339,86016,Disponible,Cifras Preliminares.
Exportaciones Anuales por Entidad Federativa. Entidad y Subsector,Estatal,2025,25,211,,No disponible,Cifras Preliminares.
Exportaciones Anuales por Entidad Federativa. Entidad y Subsector,Estatal,2025,25,212,42133,Disponible,Cifras Preliminares.
Exportaciones Anuales por Entidad Federativa. Entidad y Subsector,Estatal,2025,25,311,675817,Disponible,Cifras Preliminares.
Exportaciones Anuales por Entidad Federativa. Entidad y Subsector,Estatal,2025,25,312,,Confidencial,Cifras Preliminares.
Exportaciones Anuales por Entidad Federativa. Entidad y Subsector,Estatal,2025,25,313,,No disponible,Cifras Preliminares.
Exportaciones Anuales por Entidad Federativa. Entidad y Subsector,Estatal,2025,25,314,,No disponible,Cifras Preliminares.
Exportaciones Anuales por Entidad Federativa. Entidad y Subsector,Estatal,2025,25,315,,No disponible,Cifras Preliminares.
Exportaciones Anuales por Entidad Federativa. Entidad y Subsector,Estatal,2025,25,316,,No disponible,Cifras Preliminares.
Exportaciones Anuales por Entidad Federativa. Entidad y Subsector,Estatal,2025,25,321,,No disponible,Cifras Preliminares.
Exportaciones Anuales por Entidad Federativa. Entidad y Subsector,Estatal,2025,25,322,7363,Disponible,Cifras Preliminares.
Exportaciones Anuales por Entidad Federativa. Entidad y Subsector,Estatal,2025,25,323,,No disponible,Cifras Preliminares.
Exportaciones Anuales por Entidad Federativa. Entidad y Subsector,Estatal,2025,25,324,,No disponible,Cifras Preliminares.
Exportaciones Anuales por Entidad Federativa. Entidad y Subsector,Estatal,2025,25,325,,Confidencial,Cifras Preliminares.
Exportaciones Anuales por Entidad Federativa. Entidad y Subsector,Estatal,2025,25,326,23907,Disponible,Cifras Preliminares.
Exportaciones Anuales por Entidad Federativa. Entidad y Subsector,Estatal,2025,25,327,,Confidencial,Cifras Preliminares.
Exportaciones Anuales por Entidad Federativa. Entidad y Subsector,Estatal,2025,25,331,,Confidencial,Cifras Preliminares.
Exportaciones Anuales por Entidad Federativa. Entidad y Subsector,Estatal,2025,25,332,18119,Disponible,Cifras Preliminares.
Exportaciones Anuales por Entidad Federativa. Entidad y Subsector,Estatal,2025,25,333,,Confidencial,Cifras Preliminares.
Exportaciones Anuales por Entidad Federativa. Entidad y Subsector,Estatal,2025,25,334,5648,Disponible,Cifras Preliminares.
Exportaciones Anuales por Entidad Federativa. Entidad y Subsector,Estatal,2025,25,335,,No disponible,Cifras Preliminares.
Exportaciones Anuales por Entidad Federativa. Entidad y Subsector,Estatal,2025,25,336,284628,Disponible,Cifras Preliminares.
Exportaciones Anuales por Entidad Federativa. Entidad y Subsector,Estatal,2025,25,337,,No disponible,Cifras Preliminares.
Exportaciones Anuales por Entidad Federativa. Entidad y Subsector,Estatal,2025,25,339,,No disponible,Cifras Preliminares.
Exportaciones Anuales por Entidad Federativa. Entidad y Subsector,Estatal,2025,26,211,,No disponible,Cifras Preliminares.
Exportaciones Anuales por Entidad Federativa. Entidad y Subsector,Estatal,2025,26,212,3497013,Disponible,Cifras Preliminares.
Exportaciones Anuales por Entidad Federativa. Entidad y Subsector,Estatal,2025,26,311,284733,Disponible,Cifras Preliminares.
Exportaciones Anuales por Entidad Federativa. Entidad y Subsector,Estatal,2025,26,312,1849946,Disponible,Cifras Preliminares.
Exportaciones Anuales por Entidad Federativa. Entidad y Subsector,Estatal,2025,26,313,,Confidencial,Cifras Preliminares.
Exportaciones Anuales por Entidad Federativa. Entidad y Subsector,Estatal,2025,26,314,18271,Disponible,Cifras Preliminares.
Exportaciones Anuales por Entidad Federativa. Entidad y Subsector,Estatal,2025,26,315,17443,Disponible,Cifras Preliminares.
Exportaciones Anuales por Entidad Federativa. Entidad y Subsector,Estatal,2025,26,316,453,Disponible,Cifras Preliminares.
Exportaciones Anuales por Entidad Federativa. Entidad y Subsector,Estatal,2025,26,321,2516,Disponible,Cifras Preliminares.
Exportaciones Anuales por Entidad Federativa. Entidad y Subsector,Estatal,2025,26,322,134851,Disponible,Cifras Preliminares.
Exportaciones Anuales por Entidad Federativa. Entidad y Subsector,Estatal,2025,26,323,64522,Disponible,Cifras Preliminares.
Exportaciones Anuales por Entidad Federativa. Entidad y Subsector,Estatal,2025,26,324,,Confidencial,Cifras Preliminares.
Exportaciones Anuales por Entidad Federativa. Entidad y Subsector,Estatal,2025,26,325,1265820,Disponible,Cifras Preliminares.
Exportaciones Anuales por Entidad Federativa. Entidad y Subsector,Estatal,2025,26,326,262723,Disponible,Cifras Preliminares.
Exportaciones Anuales por Entidad Federativa. Entidad y Subsector,Estatal,2025,26,327,2932,Disponible,Cifras Preliminares.
Exportaciones Anuales por Entidad Federativa. Entidad y Subsector,Estatal,2025,26,331,926408,Disponible,Cifras Preliminares.
Exportaciones Anuales por Entidad Federativa. Entidad y Subsector,Estatal,2025,26,332,742432,Disponible,Cifras Preliminares.
Exportaciones Anuales por Entidad Federativa. Entidad y Subsector,Estatal,2025,26,333,588313,Disponible,Cifras Preliminares.
Exportaciones Anuales por Entidad Federativa. Entidad y Subsector,Estatal,2025,26,334,3883329,Disponible,Cifras Preliminares.
Exportaciones Anuales por Entidad Federativa. Entidad y Subsector,Estatal,2025,26,335,1769455,Disponible,Cifras Preliminares.
Exportaciones Anuales por Entidad Federativa. Entidad y Subsector,Estatal,2025,26,336,9826757,Disponible,Cifras Preliminares.
Exportaciones Anuales por Entidad Federativa. Entidad y Subsector,Estatal,2025,26,337,167995,Disponible,Cifras Preliminares.
Exportaciones Anuales por Entidad Federativa. Entidad y Subsector,Estatal,2025,26,339,1180145,Disponible,Cifras Preliminares.
Exportaciones Anuales por Entidad Federativa. Entidad y Subsector,Estatal,2025,27,211,5510417,Disponible,Cifras Preliminares.
Exportaciones Anuales por Entidad Federativa. Entidad y Subsector,Estatal,2025,27,212,,No disponible,Cifras Preliminares.
Exportaciones Anuales por Entidad Federativa. Entidad y Subsector,Estatal,2025,27,311,49539,Disponible,Cifras Preliminares.
Exportaciones Anuales por Entidad Federativa. Entidad y Subsector,Estatal,2025,27,312,171,Disponible,Cifras Preliminares.
Exportaciones Anuales por Entidad Federativa. Entidad y Subsector,Estatal,2025,27,313,,No disponible,Cifras Preliminares.
Exportaciones Anuales por Entidad Federativa. Entidad y Subsector,Estatal,2025,27,314,,No disponible,Cifras Preliminares.
Exportaciones Anuales por Entidad Federativa. Entidad y Subsector,Estatal,2025,27,315,,No disponible,Cifras Preliminares.
Exportaciones Anuales por Entidad Federativa. Entidad y Subsector,Estatal,2025,27,316,,No disponible,Cifras Preliminares.
Exportaciones Anuales por Entidad Federativa. Entidad y Subsector,Estatal,2025,27,321,,Confidencial,Cifras Preliminares.
Exportaciones Anuales por Entidad Federativa. Entidad y Subsector,Estatal,2025,27,322,,Confidencial,Cifras Preliminares.
Exportaciones Anuales por Entidad Federativa. Entidad y Subsector,Estatal,2025,27,323,,No disponible,Cifras Preliminares.
Exportaciones Anuales por Entidad Federativa. Entidad y Subsector,Estatal,2025,27,324,,Confidencial,Cifras Preliminares.
Exportaciones Anuales por Entidad Federativa. Entidad y Subsector,Estatal,2025,27,325,465168,Disponible,Cifras Preliminares.
Exportaciones Anuales por Entidad Federativa. Entidad y Subsector,Estatal,2025,27,326,989,Disponible,Cifras Preliminares.
Exportaciones Anuales por Entidad Federativa. Entidad y Subsector,Estatal,2025,27,327,,Confidencial,Cifras Preliminares.
Exportaciones Anuales por Entidad Federativa. Entidad y Subsector,Estatal,2025,27,331,,No disponible,Cifras Preliminares.
Exportaciones Anuales por Entidad Federativa. Entidad y Subsector,Estatal,2025,27,332,,No disponible,Cifras Preliminares.
Exportaciones Anuales por Entidad Federativa. Entidad y Subsector,Estatal,2025,27,333,,No disponible,Cifras Preliminares.
Exportaciones Anuales por Entidad Federativa. Entidad y Subsector,Estatal,2025,27,334,,No disponible,Cifras Preliminares.
Exportaciones Anuales por Entidad Federativa. Entidad y Subsector,Estatal,2025,27,335,,No disponible,Cifras Preliminares.
Exportaciones Anuales por Entidad Federativa. Entidad y Subsector,Estatal,2025,27,336,,No disponible,Cifras Preliminares.
Exportaciones Anuales por Entidad Federativa. Entidad y Subsector,Estatal,2025,27,337,,No disponible,Cifras Preliminares.
Exportaciones Anuales por Entidad Federativa. Entidad y Subsector,Estatal,2025,27,339,,No disponible,Cifras Preliminares.
Exportaciones Anuales por Entidad Federativa. Entidad y Subsector,Estatal,2025,28,211,,No disponible,Cifras Preliminares.
Exportaciones Anuales por Entidad Federativa. Entidad y Subsector,Estatal,2025,28,212,,No disponible,Cifras Preliminares.
Exportaciones Anuales por Entidad Federativa. Entidad y Subsector,Estatal,2025,28,311,68955,Disponible,Cifras Preliminares.
Exportaciones Anuales por Entidad Federativa. Entidad y Subsector,Estatal,2025,28,312,48729,Disponible,Cifras Preliminares.
Exportaciones Anuales por Entidad Federativa. Entidad y Subsector,Estatal,2025,28,313,,Confidencial,Cifras Preliminares.
Exportaciones Anuales por Entidad Federativa. Entidad y Subsector,Estatal,2025,28,314,33439,Disponible,Cifras Preliminares.
Exportaciones Anuales por Entidad Federativa. Entidad y Subsector,Estatal,2025,28,315,103116,Disponible,Cifras Preliminares.
Exportaciones Anuales por Entidad Federativa. Entidad y Subsector,Estatal,2025,28,316,,Confidencial,Cifras Preliminares.
Exportaciones Anuales por Entidad Federativa. Entidad y Subsector,Estatal,2025,28,321,,Confidencial,Cifras Preliminares.
Exportaciones Anuales por Entidad Federativa. Entidad y Subsector,Estatal,2025,28,322,154653,Disponible,Cifras Preliminares.
Exportaciones Anuales por Entidad Federativa. Entidad y Subsector,Estatal,2025,28,323,214074,Disponible,Cifras Preliminares.
Exportaciones Anuales por Entidad Federativa. Entidad y Subsector,Estatal,2025,28,324,440216,Disponible,Cifras Preliminares.
Exportaciones Anuales por Entidad Federativa. Entidad y Subsector,Estatal,2025,28,325,1991429,Disponible,Cifras Preliminares.
Exportaciones Anuales por Entidad Federativa. Entidad y Subsector,Estatal,2025,28,326,1473574,Disponible,Cifras Preliminares.
Exportaciones Anuales por Entidad Federativa. Entidad y Subsector,Estatal,2025,28,327,308344,Disponible,Cifras Preliminares.
Exportaciones Anuales por Entidad Federativa. Entidad y Subsector,Estatal,2025,28,331,163395,Disponible,Cifras Preliminares.
Exportaciones Anuales por Entidad Federativa. Entidad y Subsector,Estatal,2025,28,332,1036688,Disponible,Cifras Preliminares.
Exportaciones Anuales por Entidad Federativa. Entidad y Subsector,Estatal,2025,28,333,3612797,Disponible,Cifras Preliminares.
Exportaciones Anuales por Entidad Federativa. Entidad y Subsector,Estatal,2025,28,334,8141064,Disponible,Cifras Preliminares.
Exportaciones Anuales por Entidad Federativa. Entidad y Subsector,Estatal,2025,28,335,4256463,Disponible,Cifras Preliminares.
Exportaciones Anuales por Entidad Federativa. Entidad y Subsector,Estatal,2025,28,336,10175276,Disponible,Cifras Preliminares.
Exportaciones Anuales por Entidad Federativa. Entidad y Subsector,Estatal,2025,28,337,612752,Disponible,Cifras Preliminares.
Exportaciones Anuales por Entidad Federativa. Entidad y Subsector,Estatal,2025,28,339,3116172,Disponible,Cifras Preliminares.
Exportaciones Anuales por Entidad Federativa. Entidad y Subsector,Estatal,2025,29,211,,No disponible,Cifras Preliminares.
Exportaciones Anuales por Entidad Federativa. Entidad y Subsector,Estatal,2025,29,212,,No disponible,Cifras Preliminares.
Exportaciones Anuales por Entidad Federativa. Entidad y Subsector,Estatal,2025,29,311,,Confidencial,Cifras Preliminares.
Exportaciones Anuales por Entidad Federativa. Entidad y Subsector,Estatal,2025,29,312,,Confidencial,Cifras Preliminares.
Exportaciones Anuales por Entidad Federativa. Entidad y Subsector,Estatal,2025,29,313,75421,Disponible,Cifras Preliminares.
Exportaciones Anuales por Entidad Federativa. Entidad y Subsector,Estatal,2025,29,314,8823,Disponible,Cifras Preliminares.
Exportaciones Anuales por Entidad Federativa. Entidad y Subsector,Estatal,2025,29,315,61525,Disponible,Cifras Preliminares.
Exportaciones Anuales por Entidad Federativa. Entidad y Subsector,Estatal,2025,29,316,,No disponible,Cifras Preliminares.
Exportaciones Anuales por Entidad Federativa. Entidad y Subsector,Estatal,2025,29,321,,No disponible,Cifras Preliminares.
Exportaciones Anuales por Entidad Federativa. Entidad y Subsector,Estatal,2025,29,322,,Confidencial,Cifras Preliminares.
Exportaciones Anuales por Entidad Federativa. Entidad y Subsector,Estatal,2025,29,323,,No disponible,Cifras Preliminares.
Exportaciones Anuales por Entidad Federativa. Entidad y Subsector,Estatal,2025,29,324,,No disponible,Cifras Preliminares.
Exportaciones Anuales por Entidad Federativa. Entidad y Subsector,Estatal,2025,29,325,113037,Disponible,Cifras Preliminares.
Exportaciones Anuales por Entidad Federativa. Entidad y Subsector,Estatal,2025,29,326,107754,Disponible,Cifras Preliminares.
Exportaciones Anuales por Entidad Federativa. Entidad y Subsector,Estatal,2025,29,327,552428,Disponible,Cifras Preliminares.
Exportaciones Anuales por Entidad Federativa. Entidad y Subsector,Estatal,2025,29,331,16737,Disponible,Cifras Preliminares.
Exportaciones Anuales por Entidad Federativa. Entidad y Subsector,Estatal,2025,29,332,,Confidencial,Cifras Preliminares.
Exportaciones Anuales por Entidad Federativa. Entidad y Subsector,Estatal,2025,29,333,,Confidencial,Cifras Preliminares.
Exportaciones Anuales por Entidad Federativa. Entidad y Subsector,Estatal,2025,29,334,38830,Disponible,Cifras Preliminares.
Exportaciones Anuales por Entidad Federativa. Entidad y Subsector,Estatal,2025,29,335,438597,Disponible,Cifras Preliminares.
Exportaciones Anuales por Entidad Federativa. Entidad y Subsector,Estatal,2025,29,336,441479,Disponible,Cifras Preliminares.
Exportaciones Anuales por Entidad Federativa. Entidad y Subsector,Estatal,2025,29,337,,No disponible,Cifras Preliminares.
Exportaciones Anuales por Entidad Federativa. Entidad y Subsector,Estatal,2025,29,339,15369,Disponible,Cifras Preliminares.
Exportaciones Anuales por Entidad Federativa. Entidad y Subsector,Estatal,2025,30,211,620662,Disponible,Cifras Preliminares.
Exportaciones Anuales por Entidad Federativa. Entidad y Subsector,Estatal,2025,30,212,,Confidencial,Cifras Preliminares.
Exportaciones Anuales por Entidad Federativa. Entidad y Subsector,Estatal,2025,30,311,1765274,Disponible,Cifras Preliminares.
Exportaciones Anuales por Entidad Federativa. Entidad y Subsector,Estatal,2025,30,312,78689,Disponible,Cifras Preliminares.
Exportaciones Anuales por Entidad Federativa. Entidad y Subsector,Estatal,2025,30,313,,Confidencial,Cifras Preliminares.
Exportaciones Anuales por Entidad Federativa. Entidad y Subsector,Estatal,2025,30,314,,Confidencial,Cifras Preliminares.
Exportaciones Anuales por Entidad Federativa. Entidad y Subsector,Estatal,2025,30,315,,No disponible,Cifras Preliminares.
Exportaciones Anuales por Entidad Federativa. Entidad y Subsector,Estatal,2025,30,316,21742,Disponible,Cifras Preliminares.
Exportaciones Anuales por Entidad Federativa. Entidad y Subsector,Estatal,2025,30,321,,No disponible,Cifras Preliminares.
Exportaciones Anuales por Entidad Federativa. Entidad y Subsector,Estatal,2025,30,322,14970,Disponible,Cifras Preliminares.
Exportaciones Anuales por Entidad Federativa. Entidad y Subsector,Estatal,2025,30,323,,No disponible,Cifras Preliminares.
Exportaciones Anuales por Entidad Federativa. Entidad y Subsector,Estatal,2025,30,324,,Confidencial,Cifras Preliminares.
Exportaciones Anuales por Entidad Federativa. Entidad y Subsector,Estatal,2025,30,325,1150422,Disponible,Cifras Preliminares.
Exportaciones Anuales por Entidad Federativa. Entidad y Subsector,Estatal,2025,30,326,132470,Disponible,Cifras Preliminares.
Exportaciones Anuales por Entidad Federativa. Entidad y Subsector,Estatal,2025,30,327,84428,Disponible,Cifras Preliminares.
Exportaciones Anuales por Entidad Federativa. Entidad y Subsector,Estatal,2025,30,331,1599222,Disponible,Cifras Preliminares.
Exportaciones Anuales por Entidad Federativa. Entidad y Subsector,Estatal,2025,30,332,100437,Disponible,Cifras Preliminares.
Exportaciones Anuales por Entidad Federativa. Entidad y Subsector,Estatal,2025,30,333,,Confidencial,Cifras Preliminares.
Exportaciones Anuales por Entidad Federativa. Entidad y Subsector,Estatal,2025,30,334,,Confidencial,Cifras Preliminares.
Exportaciones Anuales por Entidad Federativa. Entidad y Subsector,Estatal,2025,30,335,,Confidencial,Cifras Preliminares.
Exportaciones Anuales por Entidad Federativa. Entidad y Subsector,Estatal,2025,30,336,285,Disponible,Cifras Preliminares.
Exportaciones Anuales por Entidad Federativa. Entidad y Subsector,Estatal,2025,30,337,,No disponible,Cifras Preliminares.
Exportaciones Anuales por Entidad Federativa. Entidad y Subsector,Estatal,2025,30,339,,Confidencial,Cifras Preliminares.
Exportaciones Anuales por Entidad Federativa. Entidad y Subsector,Estatal,2025,31,211,,No disponible,Cifras Preliminares.
Exportaciones Anuales por Entidad Federativa. Entidad y Subsector,Estatal,2025,31,212,,No disponible,Cifras Preliminares.
Exportaciones Anuales por Entidad Federativa. Entidad y Subsector,Estatal,2025,31,311,452506,Disponible,Cifras Preliminares.
Exportaciones Anuales por Entidad Federativa. Entidad y Subsector,Estatal,2025,31,312,81871,Disponible,Cifras Preliminares.
Exportaciones Anuales por Entidad Federativa. Entidad y Subsector,Estatal,2025,31,313,5669,Disponible,Cifras Preliminares.
Exportaciones Anuales por Entidad Federativa. Entidad y Subsector,Estatal,2025,31,314,11823,Disponible,Cifras Preliminares.
Exportaciones Anuales por Entidad Federativa. Entidad y Subsector,Estatal,2025,31,315,297246,Disponible,Cifras Preliminares.
Exportaciones Anuales por Entidad Federativa. Entidad y Subsector,Estatal,2025,31,316,2842,Disponible,Cifras Preliminares.
Exportaciones Anuales por Entidad Federativa. Entidad y Subsector,Estatal,2025,31,321,,No disponible,Cifras Preliminares.
Exportaciones Anuales por Entidad Federativa. Entidad y Subsector,Estatal,2025,31,322,771,Disponible,Cifras Preliminares.
Exportaciones Anuales por Entidad Federativa. Entidad y Subsector,Estatal,2025,31,323,,No disponible,Cifras Preliminares.
Exportaciones Anuales por Entidad Federativa. Entidad y Subsector,Estatal,2025,31,324,,Confidencial,Cifras Preliminares.
Exportaciones Anuales por Entidad Federativa. Entidad y Subsector,Estatal,2025,31,325,,Confidencial,Cifras Preliminares.
Exportaciones Anuales por Entidad Federativa. Entidad y Subsector,Estatal,2025,31,326,22046,Disponible,Cifras Preliminares.
Exportaciones Anuales por Entidad Federativa. Entidad y Subsector,Estatal,2025,31,327,25018,Disponible,Cifras Preliminares.
Exportaciones Anuales por Entidad Federativa. Entidad y Subsector,Estatal,2025,31,331,,No disponible,Cifras Preliminares.
Exportaciones Anuales por Entidad Federativa. Entidad y Subsector,Estatal,2025,31,332,,Confidencial,Cifras Preliminares.
Exportaciones Anuales por Entidad Federativa. Entidad y Subsector,Estatal,2025,31,333,15719,Disponible,Cifras Preliminares.
Exportaciones Anuales por Entidad Federativa. Entidad y Subsector,Estatal,2025,31,334,,Confidencial,Cifras Preliminares.
Exportaciones Anuales por Entidad Federativa. Entidad y Subsector,Estatal,2025,31,335,,No disponible,Cifras Preliminares.
Exportaciones Anuales por Entidad Federativa. Entidad y Subsector,Estatal,2025,31,336,873058,Disponible,Cifras Preliminares.
Exportaciones Anuales por Entidad Federativa. Entidad y Subsector,Estatal,2025,31,337,,Confidencial,Cifras Preliminares.
Exportaciones Anuales por Entidad Federativa. Entidad y Subsector,Estatal,2025,31,339,526512,Disponible,Cifras Preliminares.
Exportaciones Anuales por Entidad Federativa. Entidad y Subsector,Estatal,2025,32,211,,No disponible,Cifras Preliminares.
Exportaciones Anuales por Entidad Federativa. Entidad y Subsector,Estatal,2025,32,212,2915106,Disponible,Cifras Preliminares.
Exportaciones Anuales por Entidad Federativa. Entidad y Subsector,Estatal,2025,32,311,95548,Disponible,Cifras Preliminares.
Exportaciones Anuales por Entidad Federativa. Entidad y Subsector,Estatal,2025,32,312,1117608,Disponible,Cifras Preliminares.
Exportaciones Anuales por Entidad Federativa. Entidad y Subsector,Estatal,2025,32,313,,No disponible,Cifras Preliminares.
Exportaciones Anuales por Entidad Federativa. Entidad y Subsector,Estatal,2025,32,314,,No disponible,Cifras Preliminares.
Exportaciones Anuales por Entidad Federativa. Entidad y Subsector,Estatal,2025,32,315,,Confidencial,Cifras Preliminares.
Exportaciones Anuales por Entidad Federativa. Entidad y Subsector,Estatal,2025,32,316,,No disponible,Cifras Preliminares.
Exportaciones Anuales por Entidad Federativa. Entidad y Subsector,Estatal,2025,32,321,,No disponible,Cifras Preliminares.
Exportaciones Anuales por Entidad Federativa. Entidad y Subsector,Estatal,2025,32,322,,No disponible,Cifras Preliminares.
Exportaciones Anuales por Entidad Federativa. Entidad y Subsector,Estatal,2025,32,323,,No disponible,Cifras Preliminares.
Exportaciones Anuales por Entidad Federativa. Entidad y Subsector,Estatal,2025,32,324,,No disponible,Cifras Preliminares.
Exportaciones Anuales por Entidad Federativa. Entidad y Subsector,Estatal,2025,32,325,2064,Disponible,Cifras Preliminares.
Exportaciones Anuales por Entidad Federativa. Entidad y Subsector,Estatal,2025,32,326,,Confidencial,Cifras Preliminares.
Exportaciones Anuales por Entidad Federativa. Entidad y Subsector,Estatal,2025,32,327,2692,Disponible,Cifras Preliminares.
Exportaciones Anuales por Entidad Federativa. Entidad y Subsector,Estatal,2025,32,331,,Confidencial,Cifras Preliminares.
Exportaciones Anuales por Entidad Federativa. Entidad y Subsector,Estatal,2025,32,332,,Confidencial,Cifras Preliminares.
Exportaciones Anuales por Entidad Federativa. Entidad y Subsector,Estatal,2025,32,333,,No disponible,Cifras Preliminares.
Exportaciones Anuales por Entidad Federativa. Entidad y Subsector,Estatal,2025,32,334,,Confidencial,Cifras Preliminares.
Exportaciones Anuales por Entidad Federativa. Entidad y Subsector,Estatal,2025,32,335,,Confidencial,Cifras Preliminares.
Exportaciones Anuales por Entidad Federativa. Entidad y Subsector,Estatal,2025,32,336,479175,Disponible,Cifras Preliminares.
Exportaciones Anuales por Entidad Federativa. Entidad y Subsector,Estatal,2025,32,337,,No disponible,Cifras Preliminares.
Exportaciones Anuales por Entidad Federativa. Entidad y Subsector,Estatal,2025,32,339,,Confidencial,Cifras Preliminares.
